nuisance,scientific_group,meaning,prior_sd_multiplier,physical_prior_sd,unit,one_sigma_multiplicative_factor,one_sigma_percentage_points,lambda_min,lambda_max,spectral_ratio,condition_number,lambda_min_gain,worst_sd_reduction,determinant_gain,strong_direction_rotation_deg,weak_direction_rotation_deg,sd_Vcem_fraction,sd_Vcem_percentage_points,sd_lnCn,multiplicative_Cn_one_sigma,Vcem_lnCn_correlation,target_aligned_discrepancy_log_rms,raw_alignment_rms_per_scaled_parameter,aligned_1pct_lambda_min,aligned_1pct_lambda_max,aligned_1pct_lambda_min_gain,aligned_1pct_spectral_ratio,aligned_1pct_Vcem_lnCn_correlation,aligned_1pct_sd_Vcem_percentage_points,aligned_1pct_sd_lnCn,aligned_1pct_raw_alignment_rms_per_scaled_parameter
logP_calibration,stress_calibration,multiplicative pressure-calibration factor,0.25,0.025,log ratio,1.0253151205244289,,0.011732501286126684,17.556825707698415,0.0006682586864766876,38.683672125041625,3.3535850698370986,1.8312796263370317,7.158365649797916,0.21577423602721,0.21577423602721,0.0764686810571614,7.646868105716139,1.5401502175213506,4.665291026808333,-0.9984237505186645,0.0,0.0,0.004222377157701018,17.05422125550092,1.2069123752861817,0.00024758545667038714,-0.9994191116437589,12.808930340751164,2.5610359658302504,0.0002851424639912598
logP_calibration,stress_calibration,multiplicative pressure-calibration factor,0.5,0.05,log ratio,1.0512710963760241,,0.011730782516129246,17.54296391465912,0.0006686887445699445,38.67123068490174,3.35309378146974,1.831145483425536,7.151665995899617,0.2152699729730689,0.2152699729730689,0.07647533546873901,7.647533546873901,1.5402542281646325,4.665776291965062,-0.9984227607067161,0.0,0.0,0.004222368225826667,17.043285286051926,1.2069098222244143,0.00024774379792153194,-0.9994187408423965,12.808957299753484,2.5610377749976307,0.0002851424639912598
logP_calibration,stress_calibration,multiplicative pressure-calibration factor,1.0,0.1,log ratio,1.1051709180756477,,0.011723938478420237,17.487983701237702,0.0006703996686359264,38.62185282106152,3.3511375010382625,1.8306112370020737,7.125093056831419,0.21326202913719514,0.21326202913719514,0.07650184646562136,7.650184646562136,1.540668623890125,4.667710170384358,-0.9984188232644072,0.0,0.0,0.004222332625515524,16.99983524285554,1.2068996463319068,0.0002483749145327763,-0.9994172629111003,12.809064753503844,2.5610449858866957,0.0002851424639912598
logP_calibration,stress_calibration,multiplicative pressure-calibration factor,2.0,0.2,log ratio,1.2214027581601699,,0.01169704972176877,17.275276859507464,0.0006770976706709791,38.43035003126094,3.343451694691114,1.828510786047245,7.022287765687936,0.20537326356476482,0.20537326356299018,0.0766062124896324,7.66062124896324,1.5423002904699756,4.675332533960648,-0.9984034146801894,0.0,0.0,0.004222192215747711,16.830606579778262,1.206859511999976,0.0002508639362303564,-0.9994114343280978,12.80948856272973,2.561073427125898,0.0002851424639912598
logP_calibration,stress_calibration,multiplicative pressure-calibration factor,4.0,0.4,log ratio,1.4918246976412703,,0.011596741354490181,16.52548248859653,0.0007017490328946555,37.749316154881654,3.3147798339615533,1.8206536831483229,6.659895113025926,0.17594448389838857,0.1759444838963171,0.07699853174978069,7.699853174978069,1.5484382689860219,4.704117876142018,-0.9983467868411584,0.0,0.0,0.004221660673329186,16.21938291763481,1.2067075774145644,0.0002602849131047465,-0.9993893750750406,12.811093068069807,2.5611811085774634,0.0002851424639912598
log_stress_bulk_scale,stress_calibration,multiplicative bulk stress-response amplitude,0.25,0.0625,log ratio,1.0644944589178593,,0.011728966846699773,17.55140838477553,0.0006682635711943055,38.683530744328834,3.3525747956420853,1.8310037672386383,7.154001062528513,0.21141390879463848,0.21141390879636243,0.07648898014987962,7.648898014987962,1.5403047721094267,4.6660121246642925,-0.9984239423749774,0.0,0.0,0.0042223411194761695,17.068436572928317,1.206902074221656,0.0002473771456123337,-0.9994196043655443,12.809064712879758,2.5610394225366546,0.0002851424639912598
log_stress_bulk_scale,stress_calibration,multiplicative bulk stress-response amplitude,0.5,0.125,log ratio,1.1331484530668263,,0.011727919777295703,17.53816338271996,0.0006687085484019959,38.670658055592824,3.352275504277445,1.8309220366464118,7.147964193532955,0.21179874751575095,0.21179874751575095,0.07649165860817556,7.649165860817556,1.540380519362804,4.666365575653263,-0.9984228760480468,0.0,0.0,0.004222339351637405,17.054112900788674,1.2069015689076108,0.00024758481289531873,-0.9994191170351144,12.809064721306965,2.5610405804375573,0.0002851424639912598
log_stress_bulk_scale,stress_calibration,multiplicative bulk stress-response amplitude,1.0,0.25,log ratio,1.2840254166877414,,0.011723938478420237,17.487983701237702,0.0006703996686359264,38.62185282106152,3.3511375010382625,1.8306112370020737,7.125093056831419,0.21326202913719514,0.21326202913719514,0.07650184646562136,7.650184646562136,1.540668623890125,4.667710170384358,-0.9984188232644072,0.0,0.0,0.004222332625515524,16.99983524285554,1.2068996463319068,0.0002483749145327763,-0.9994172629111003,12.809064753503844,2.5610449858866957,0.0002851424639912598
log_stress_bulk_scale,stress_calibration,multiplicative bulk stress-response amplitude,2.0,0.5,log ratio,1.6487212707001282,,0.0117107314420144,17.323562584973494,0.0006760001809427075,38.46153331410244,3.3473624390095216,1.8295798531382885,7.050152336007655,0.21811612232912625,0.21811612232745528,0.07653568190836109,7.653568190836109,1.5416253521740444,4.672178037652197,-0.9984053988065916,0.0,0.0,0.004222310265116658,16.82186052649927,1.2068932548985745,0.0002510013834953217,-0.9994110993834608,12.809064862182645,2.5610596310307194,0.0002851424639912598
log_stress_bulk_scale,stress_calibration,multiplicative bulk stress-response amplitude,4.0,1.0,log ratio,2.718281828459045,,0.011681230025548217,16.967229401335143,0.0006884583068482016,38.11195067901932,3.338929837351338,1.827273881319201,6.8877405232085005,0.22895899908706152,0.22895899908706152,0.076611482808631,7.661148280863101,1.543768073226853,4.682199945137597,-0.9983755211772017,0.0,0.0,0.004222260055449567,16.435490213954076,1.2068789031089764,0.0002568989425009532,-0.9993972594976102,12.809065105621684,2.561092516420188,0.0002851424639912598
log_stress_shear_scale,stress_calibration,multiplicative shear stress-response amplitude,0.25,0.0625,log ratio,1.0644944589178593,,0.012340707620723812,19.749164704201377,0.0006248723834936922,40.004084353689635,3.5274330527473685,1.878146174488921,8.469661721025558,0.3284717244081019,0.3284717244081019,0.07433547191831351,7.433547191831351,1.5036531722219018,4.498091394372635,-0.9985210365709042,0.0,0.0,0.004225473294108717,18.44077319002431,1.207797366182651,0.00022913753401590135,-0.9994622743012608,12.801720306512324,2.560287129659553,0.0002851424639912598
log_stress_shear_scale,stress_calibration,multiplicative shear stress-response amplitude,0.5,0.125,log ratio,1.1331484530668263,,0.012192313773185859,19.15327103646372,0.0006365656158665696,39.63495886176039,3.485016573991264,1.866819909362246,8.115333191504122,0.30075172969010605,0.30075172969010605,0.07484228241843033,7.484228241843033,1.5122980055623316,4.537145208466527,-0.9984946356333806,0.0,0.0,0.004224756036379507,18.09057611354818,1.2075923472567425,0.00023353352650917248,-0.9994519867812096,12.80339704608869,2.5604601299777046,0.0002851424639912598
log_stress_shear_scale,stress_calibration,multiplicative shear stress-response amplitude,1.0,0.25,log ratio,1.2840254166877414,,0.011723938478420237,17.487983701237702,0.0006703996686359264,38.62185282106152,3.3511375010382625,1.8306112370020737,7.125093056831419,0.21326202913719514,0.21326202913719514,0.07650184646562136,7.650184646562136,1.540668623890125,4.667710170384358,-0.9984188232644072,0.0,0.0,0.004222332625515524,16.99983524285554,1.2068996463319068,0.0002483749145327763,-0.9994172629111003,12.809064753503844,2.5610449858866957,0.0002851424639912598
log_stress_shear_scale,stress_calibration,multiplicative shear stress-response amplitude,2.0,0.5,log ratio,1.6487212707001282,,0.010794167470485672,14.914473861782803,0.0007237377309128483,37.17144060161349,3.0853743790462143,1.7565233784513699,5.594668511227403,0.03960066261356188,0.03960066261356188,0.08009746120476842,8.009746120476843,1.602446638212508,4.965165539411408,-0.9983018358090657,0.0,0.0,0.0042166619481482925,14.898066269085106,1.2052787559104332,0.0002830341785294823,-0.9993362200090157,12.822341916676216,2.5624155587424595,0.0002851424639912598
log_stress_shear_scale,stress_calibration,multiplicative shear stress-response amplitude,4.0,1.0,log ratio,2.718281828459045,,0.009944114353916067,13.14632055408964,0.000756418064887562,36.359596408585936,2.842397594235015,1.6859411597784233,4.543050848946988,0.11915222449351148,0.11915222449045265,0.0837998335777206,8.37998335777206,1.6664614445163406,5.2934036153210835,-0.9982333556658426,0.0,0.0,0.004210153518682258,13.046861038308736,1.203418404792365,0.00032269474675327884,-0.9992435654859765,12.837606504579238,2.563992136901715,0.0002851424639912598
stiff_cement_volume_shift,scenario_endpoint,stiff-end cement-volume shift,0.25,0.00375,absolute fraction,,0.375,0.011869596364951107,17.78594593082219,0.0006673581720712232,38.709762657811105,3.3927719404183425,1.8419478658252906,7.336521397844214,0.19184533245069427,0.19184533245259405,0.07607359017131538,7.607359017131538,1.5308068187115424,4.621904357293509,-0.9984269855785323,0.0,0.0,0.004223515512018938,17.37845081963389,1.2072377592730794,0.0002430317613378564,-0.9994298313503707,12.80794147384167,2.5606168150627773,0.0002851424639912598
stiff_cement_volume_shift,scenario_endpoint,stiff-end cement-volume shift,0.5,0.0075,absolute fraction,,0.75,0.011839453959022972,17.72345449508183,0.0006680105146718639,38.69085712066951,3.384156120140607,1.839607599500667,7.292178949740346,0.19627732722091312,0.19627732722091312,0.07616154570409986,7.616154570409986,1.532832893453597,4.631278173791826,-0.9984252434151418,0.0,0.0,0.004223273800830096,17.29971939086461,1.2071686692287364,0.0002441238326131615,-0.9994272626423022,12.808170962887832,2.5607042942364604,0.0002851424639912598
stiff_cement_volume_shift,scenario_endpoint,stiff-end cement-volume shift,1.0,0.015,absolute fraction,,1.5,0.011723938478420237,17.487983701237702,0.0006703996686359264,38.62185282106152,3.3511375010382625,1.8306112370020737,7.125093056831419,0.21326202913719514,0.21326202913719514,0.07650184646562136,7.650184646562136,1.540668623890125,4.667710170384358,-0.9984188232644072,0.0,0.0,0.004222332625515524,16.99983524285554,1.2068996463319068,0.0002483749145327763,-0.9994172629111003,12.809064753503844,2.5610449858866957,0.0002851424639912598
stiff_cement_volume_shift,scenario_endpoint,stiff-end cement-volume shift,2.0,0.03,absolute fraction,,3.0,0.011330190213895364,16.730378105447272,0.000677222603248061,38.42680509338243,3.2385896078838594,1.7996081817673144,6.587493917323014,0.2711547022046884,0.2711547022046884,0.07770178527032219,7.770178527032219,1.568259035115405,4.798287268207924,-0.9984000016310058,0.0,0.0,0.004218936412556662,15.999086455255153,1.2059288824005792,0.00026369858206315807,-0.999381209726644,12.812292713011054,2.562275227166584,0.0002851424639912598
stiff_cement_volume_shift,scenario_endpoint,stiff-end cement-volume shift,4.0,0.06,absolute fraction,,6.0,0.010387493437185924,15.158446937625733,0.0006852610613691878,38.20075731474571,2.9691318206092387,1.7231168911624186,5.471957812010969,0.40974778592694,0.40974778592694,0.08085491591455651,8.085491591455652,1.6404871518422137,5.157681474363302,-0.9983742952373622,0.0,0.0,0.004209401736896989,13.730067849277066,1.203203517607666,0.00030658273382958034,-0.9992802489073151,12.821377961228633,2.5657362957888132,0.0002851424639912598
ln_soft_cn_offset,fabric_state,compliant-contact coordination-number offset,0.25,0.05,log ratio,1.0512710963760241,,0.011870944947835582,18.750267965483808,0.0006331080158261237,39.743040922084006,3.3931574155456423,1.8420525007571424,7.735173151496763,0.2563919853523061,0.2563919853537277,0.07593711605241359,7.593711605241358,1.5318482649713197,4.626720329652373,-0.9985047808474754,0.0,0.0,0.004223085233427071,17.968245823286573,1.2071147696542106,0.0002350304684697722,-0.9994485155923436,12.806793303077743,2.560892563165626,0.0002851424639912598
ln_soft_cn_offset,fabric_state,compliant-contact coordination-number offset,0.5,0.1,log ratio,1.1051709180756477,,0.011839740211379013,18.467309011914146,0.0006411188659777463,39.49396359883367,3.3842379417065303,1.839629838230107,7.598415874677334,0.24723682726608928,0.24723682726608928,0.07605617000796912,7.6056170007969115,1.5337065080747019,4.635325893935168,-0.9984862919446577,0.0,0.0,0.004222927570577628,17.75634450895679,1.2070697037500984,0.00023782640444081646,-0.9994419669860616,12.807269117655123,2.5609244905907267,0.0002851424639912598
ln_soft_cn_offset,fabric_state,compliant-contact coordination-number offset,1.0,0.2,log ratio,1.2214027581601699,,0.011723938478420237,17.487983701237702,0.0006703996686359264,38.62185282106152,3.3511375010382625,1.8306112370020737,7.125093056831419,0.21326202913719514,0.21326202913719514,0.07650184646562136,7.650184646562136,1.540668623890125,4.667710170384358,-0.9984188232644072,0.0,0.0,0.004222332625515524,16.99983524285554,1.2068996463319068,0.0002483749145327763,-0.9994172629111003,12.809064753503844,2.5610449858866957,0.0002851424639912598
ln_soft_cn_offset,fabric_state,compliant-contact coordination-number offset,2.0,0.4,log ratio,1.4918246976412703,,0.011369453088761805,15.045949135236654,0.0007556487787224583,36.37809959416727,3.2498123972737636,1.8027236053465776,5.944788846993453,0.10926329499184502,0.10926329499184502,0.07790533981554953,7.790533981554954,1.562652010326749,4.771458437799217,-0.9982234383013988,0.0,0.0,0.004220409132095426,14.94177940104047,1.2063498403989472,0.00028245692958106034,-0.9993374717192008,12.814871632418942,2.56143473073181,0.0002851424639912598
ln_soft_cn_offset,fabric_state,compliant-contact coordination-number offset,4.0,0.8,log ratio,2.225540928492468,,0.010711771767608624,11.950887891025609,0.0008963159779661656,33.40176612532897,3.0618226237769486,1.7498064532333135,4.448757705696751,0.08367339283857765,0.08367339283857765,0.08067939410099237,8.067939410099237,1.6063535469381065,4.98460193136305,-0.997904929321489,0.0,0.0,0.004216372196563345,11.914774015669511,1.2051959341347909,0.0003538776472821268,-0.999170399404453,12.827066199136961,2.562253584756573,0.0002851424639912598
ln_stiff_cn_offset,fabric_state,stiff-bound coordination-number offset,0.25,0.025,log ratio,1.0253151205244289,,0.01173277497781644,27.284803998176756,0.0004300113344629654,48.223646652465426,3.3536633010976047,1.8313009859380311,11.124970036422921,0.18884380533124562,0.18884380533510559,0.0765012332128246,7.650123321282459,1.5395731939267239,4.662599820329554,-0.9989861502682458,0.0,0.0,0.0042226753882710355,26.324550208193408,1.2069976206709967,0.00016040826357430964,-0.9996236528652316,12.80890099275926,2.560746679060669,0.0002851424639912598
ln_stiff_cn_offset,fabric_state,stiff-bound coordination-number offset,0.5,0.05,log ratio,1.0512710963760241,,0.011730561441195775,23.926570350919693,0.0004902734185948583,45.1627965470315,3.3530305900344164,1.831128228725235,9.753860044906242,0.19496055486784222,0.19496055486597277,0.07650138677304487,7.650138677304487,1.5398475660963702,4.663879283474963,-0.9988439668482301,0.0,0.0,0.0042225895654652845,23.14551239948475,1.20697308932231,0.0001824366422563747,-0.9995719695070687,12.808941996410425,2.560821374425955,0.0002851424639912598
ln_stiff_cn_offset,fabric_state,stiff-bound coordination-number offset,1.0,0.1,log ratio,1.1051709180756477,,0.011723938478420237,17.487983701237702,0.0006703996686359264,38.62185282106152,3.3511375010382625,1.8306112370020737,7.125093056831419,0.21326202913719514,0.21326202913719514,0.07650184646562136,7.650184646562136,1.540668623890125,4.667710170384358,-0.9984188232644072,0.0,0.0,0.004222332625515524,16.99983524285554,1.2068996463319068,0.0002483749145327763,-0.9994172629111003,12.809064753503844,2.5610449858866957,0.0002851424639912598
ln_stiff_cn_offset,fabric_state,stiff-bound coordination-number offset,2.0,0.2,log ratio,1.2214027581601699,,0.011712229291990006,11.852096467781987,0.0009881989506099458,31.81103546339598,3.3477905802210626,1.829696854733336,4.824052369969315,0.24561841633381826,0.24561841633381826,0.07650266004372559,7.650266004372559,1.5421207023174857,4.674492975018274,-0.9976681822373831,0.0,0.0,0.004221877791337203,11.564970702119695,1.2067696378134785,0.0003650573702329737,-0.9991434945429578,12.809282052630047,2.561440768134292,0.0002851424639912598
ln_stiff_cn_offset,fabric_state,stiff-bound coordination-number offset,4.0,0.4,log ratio,1.4918246976412703,,0.011702921332114036,9.436111715933764,0.0012402270855221594,28.395491748693082,3.34513001922819,1.8289696605543215,3.8376435134124582,0.2713393678164476,0.2713393678164476,0.07650330756596056,7.650330756596056,1.543275435313728,4.679893884001002,-0.9970723845350247,0.0,0.0,0.004221515709189827,9.219133495249622,1.2066661412739188,0.00045790807903639357,-0.9989256381034005,12.809455032895542,2.561755792091052,0.0002851424639912598
soft_phic_shift,fabric_state,compliant-branch critical-porosity shift,0.25,0.005,absolute fraction,,0.5,0.011723996146001614,17.58900383734644,0.0006665525947017107,38.73314737851239,3.351153984577041,1.830615739191882,7.1662867313869505,0.21351154130763977,0.21351154130934677,0.0765008202957656,7.65008202957656,1.540667972754525,4.667707131073084,-0.9984278758952696,0.0,0.0,0.0042223350857866215,17.0938449403954,1.2069003495688568,0.00024700909014382076,-0.9994204670655302,12.809058484871832,2.561041939188578,0.0002851424639912598
soft_phic_shift,fabric_state,compliant-branch critical-porosity shift,0.5,0.01,absolute fraction,,1.0,0.011723984555851885,17.56860686841626,0.0006673257955887515,38.71070168246704,3.3511506716813386,1.8306148343333555,7.157969319356054,0.21346139366807845,0.21346139366807845,0.07650102653899701,7.650102653899701,1.54066810361891,4.667707741909748,-0.9984260564406173,0.0,0.0,0.004222334591227117,17.074867331710458,1.2069002082053633,0.0002472835957785535,-0.9994198230889936,12.809059744889256,2.561042551546416,0.0002851424639912598
soft_phic_shift,fabric_state,compliant-branch critical-porosity shift,1.0,0.02,absolute fraction,,2.0,0.011723938478420237,17.487983701237702,0.0006703996686359264,38.62185282106152,3.3511375010382625,1.8306112370020737,7.125093056831419,0.21326202913719514,0.21326202913719514,0.07650184646562136,7.650184646562136,1.540668623890125,4.667710170384358,-0.9984188232644072,0.0,0.0,0.004222332625515524,16.99983524285554,1.2068996463319068,0.0002483749145327763,-0.9994172629111003,12.809064753503844,2.5610449858866957,0.0002851424639912598
soft_phic_shift,fabric_state,compliant-branch critical-porosity shift,2.0,0.04,absolute fraction,,4.0,0.011723758589089694,17.180187773876064,0.0006823999099076592,38.280757198139916,3.3510860819794943,1.830597192715944,6.999580996712883,0.21248369355918068,0.2124836935574654,0.0765050474536153,7.6505047453615305,1.5406706550283438,4.667719651158507,-0.9983905867898029,0.0,0.0,0.004222324949871847,16.713101840845177,1.2068974523475717,0.00025263562623383895,-0.9994072675228091,12.809084309786423,2.5610544903551906,0.0002851424639912598
soft_phic_shift,fabric_state,compliant-branch critical-porosity shift,4.0,0.08,absolute fraction,,8.0,0.011723103131076051,16.144871992297013,0.0007261192988503928,37.11043201874112,3.3508987277099442,1.8305460190090672,6.577403146325151,0.20964769360108695,0.20964769360456387,0.07651670985394236,7.651670985394237,1.540678055934242,4.667754196640238,-0.9982877352099591,0.0,0.0,0.004222296979713214,15.745334079421928,1.2068894574363325,0.0002681617905606377,-0.9993708443319885,12.80915557303732,2.561089124938362,0.0002851424639912598
