group,group_label,affected_nuisances,prior_sd_multiplier,pressure_1_mpa,pressure_2_mpa,static_lambda_min,static_lambda_max,static_spectral_ratio,static_weak_direction_scaled_Vcem,static_weak_direction_scaled_lnCn,lambda_min,lambda_max,spectral_ratio,condition_number,lambda_min_gain,worst_sd_reduction,determinant_gain,strong_direction_rotation_deg,weak_direction_rotation_deg,sd_Vcem_fraction,sd_Vcem_percentage_points,sd_lnCn,multiplicative_Cn_one_sigma,Vcem_lnCn_correlation,target_aligned_discrepancy_log_rms,raw_alignment_rms_per_scaled_parameter,aligned_1pct_lambda_min,aligned_1pct_lambda_max,aligned_1pct_lambda_min_gain,aligned_1pct_spectral_ratio,aligned_1pct_Vcem_lnCn_correlation,aligned_1pct_sd_Vcem_percentage_points,aligned_1pct_sd_lnCn,aligned_1pct_raw_alignment_rms_per_scaled_parameter
state_log_biases,State-variable biases,phi_bias;vsh_bias;sw_bias,0.25,5.0,7.5,0.003716644756373011,9.766231253191897,0.00038056079771388784,0.5541686186778974,-0.8324044341980834,0.011934243250076193,19.15762702715832,0.000622949973561857,40.06576266856425,3.2110260819553145,1.7919336153873877,6.298810509168796,0.16316868543047458,0.16316868543047458,0.07581951653608576,7.581951653608576,1.5270279991677496,4.604471972440689,-0.9985306032163089,0.0,0.0,0.004358795748410582,18.797899903513915,1.1727770702154037,0.00023187673999667307,-0.9994552582896413,12.592183454094826,2.5219189591496316,0.00026750052723863415
state_log_biases,State-variable biases,phi_bias;vsh_bias;sw_bias,0.5,5.0,7.5,0.003660276300247789,9.101729035986668,0.0004021517544387102,0.5544223456385213,-0.8322354610665662,0.011881000114513984,18.43037828148077,0.0006446422277969336,39.385886454847245,3.24592985335825,1.8016464285087266,6.572785768067843,0.18174602970365855,0.18174602970566392,0.07598887160223572,7.598887160223572,1.5304726453079878,4.620360097823121,-0.9984794369185426,0.0,0.0,0.004329363858792679,18.023603480553682,1.1827970086574051,0.00024020523218144395,-0.9994359549139269,12.640169533506315,2.5300251666565354,0.00027347077275177375
state_log_biases,State-variable biases,phi_bias;vsh_bias;sw_bias,0.75,5.0,7.5,0.003583335823285516,8.60695693587774,0.0004163301675588187,0.5546818624633402,-0.8320625165540149,0.01180792624649829,17.896793079273884,0.0006597788885525499,38.931469113061965,3.2952329418211628,1.8152776486866031,6.851910907320397,0.19863978134362845,0.19863978134362845,0.07622691080590936,7.622691080590936,1.5351888611287148,4.642202178712112,-0.9984438141672589,0.0,0.0,0.0042812332301469525,17.446229289110406,1.1947619316968017,0.0002453959052813329,-0.9994240321237887,12.716281276763658,2.543749330919175,0.00027970006497321287
state_log_biases,State-variable biases,phi_bias;vsh_bias;sw_bias,1.0,5.0,7.5,0.003498495204923069,8.225104925833136,0.00042534353500283154,0.55490471825484,-0.8319139100042243,0.011723938478420237,17.487983701237702,0.0006703996686359264,38.62185282106152,3.3511375010382625,1.8306112370020737,7.125093056831419,0.21326202913719514,0.21326202913719514,0.07650184646562136,7.650184646562136,1.540668623890125,4.667710170384358,-0.9984188232644072,0.0,0.0,0.004222332625515524,16.99983524285554,1.2068996463319068,0.0002483749145327763,-0.9994172629111003,12.809064753503844,2.5610449858866957,0.0002851424639912598
state_log_biases,State-variable biases,phi_bias;vsh_bias;sw_bias,1.5,5.0,7.5,0.0033365203898299,7.731483154139433,0.0004315498492735548,0.5551964477342595,-0.8317192461541693,0.011554618484072243,16.96141026381144,0.0006812298213624942,38.31361883809456,3.4630744410530374,1.8609337551490213,7.597329671134978,0.2338300849988824,0.2338300849988824,0.07706032342236833,7.706032342236833,1.5519281142312515,4.720563198669731,-0.9983932839859357,0.0,0.0,0.0040967328796033264,16.422505672271072,1.2278458996056616,0.00024945845423092423,-0.9994149949844183,13.00942308496439,2.599521511946446,0.0002923886043119951
state_log_biases,State-variable biases,phi_bias;vsh_bias;sw_bias,2.0,5.0,7.5,0.003205342594322591,7.4634724158508075,0.00042947068277697845,0.5553383156823646,-0.8316245277377732,0.011411078585507273,16.675307649140354,0.0006843099285244993,38.22729600498861,3.560018391082112,1.8868011000320388,7.953992270650194,0.24540813341624834,0.24540813341624834,0.07754006910236744,7.754006910236743,1.561692019045829,4.766880077246375,-0.9983859408608473,0.0,0.0,0.003985290170258171,16.11023150720154,1.2433273676633034,0.00024737634393873735,-0.9994199937468976,13.192447824241876,2.6354006675430193,0.00029595960757630317
state_log_biases,State-variable biases,phi_bias;vsh_bias;sw_bias,3.0,5.0,7.5,0.003035153045823913,7.217215096528525,0.0004205435206280355,0.5554359658415216,-0.8315593110835187,0.011219409169997085,16.411158901826354,0.0006836451488351933,38.2458776881487,3.6964887768786303,1.9226254905411584,8.405411766839356,0.25574144964491385,0.25574144964491385,0.07819212088291408,7.819212088291408,1.5750405650170367,4.830937581200914,-0.9983873351128421,0.0,0.0,0.0038317054531282757,15.82606063723558,1.2624422542383307,0.00024211365929642864,-0.999432389074425,13.455463964724727,2.6875798191294766,0.00029843475610346693
state_log_biases,State-variable biases,phi_bias;vsh_bias;sw_bias,4.0,5.0,7.5,0.0029434652079836088,7.1159635435994,0.0004136425362424979,0.555459055034454,-0.8315438883067036,0.01111451373927519,16.301828917913298,0.0006817955086660236,38.29772109092302,3.775996301613864,1.9431922966124233,8.650359902272031,0.2596875487702818,0.25968754877168526,0.0785551946053178,7.855519460531781,1.5824978366285984,4.867097855801758,-0.998391581527842,0.0,0.0,0.003745970436064283,15.710758515761988,1.2726396173815904,0.0002384334551578842,-0.9994410167040709,13.608579389110279,2.7181536372049218,0.00029902200176486595
solid_composition_moduli,Solid composition/moduli,f_kf_shift;log_clay_mod_scale;log_cement_mod_scale,0.25,5.0,7.5,0.006714591268758063,21.572542541306948,0.00031125636933620657,0.5520674881867944,-0.8337994294116082,0.015104726493224696,31.44434935643921,0.0004803637792598031,45.6262602675094,2.2495377437945643,1.4998459066832714,3.278948254288373,0.039669939263750426,0.039669939263750426,0.06734588075611948,6.734588075611948,1.3576245566439002,3.886949099189095,-0.998865976873766,0.0,0.0,0.007197482897069563,31.380952642319542,1.0719167569526262,0.0002293583301662813,-0.9994589860329248,9.763830137300623,1.9656996857094122,0.0002238100222091433
solid_composition_moduli,Solid composition/moduli,f_kf_shift;log_clay_mod_scale;log_cement_mod_scale,0.5,5.0,7.5,0.005354809641192393,15.388810550780148,0.00034796774081548017,0.5525227649825587,-0.8334978069413429,0.013611566689331944,24.95330664406045,0.0005454814820132007,42.81638472638203,2.541932879298574,1.5943440278994285,4.1218020324866185,0.07621801297016474,0.07621801297016474,0.07093907982358472,7.093907982358472,1.430258578720201,4.1797798543245275,-0.9987121780955692,0.0,0.0,0.005861535820709918,24.813005008860163,1.09463010143619,0.0002362283737345354,-0.9994432777928879,10.828030035054645,2.177472069363618,0.00023225785245268313
solid_composition_moduli,Solid composition/moduli,f_kf_shift;log_clay_mod_scale;log_cement_mod_scale,0.75,5.0,7.5,0.004254993502546434,10.938572436234008,0.00038898983641153873,0.5535468494025867,-0.832818038659388,0.01245948247824824,20.30768545043597,0.0006135353292061532,40.37199512306294,2.928202468650485,1.7111991317933997,5.436268307879757,0.13649929709063832,0.1364992970933084,0.07417190964920406,7.417190964920406,1.4947696863010593,4.458309624813854,-0.9985520981633167,0.0,0.0,0.004842381204770874,20.02324628766335,1.1380466743070026,0.00024183796848937245,-0.9994311756256957,11.93403423532268,2.3938388695577912,0.000253423579004714
solid_composition_moduli,Solid composition/moduli,f_kf_shift;log_clay_mod_scale;log_cement_mod_scale,1.0,5.0,7.5,0.003498495204923069,8.225104925833136,0.00042534353500283154,0.55490471825484,-0.8319139100042243,0.011723938478420237,17.487983701237702,0.0006703996686359264,38.62185282106152,3.3511375010382625,1.8306112370020737,7.125093056831419,0.21326202913719514,0.21326202913719514,0.07650184646562136,7.650184646562136,1.540668623890125,4.667710170384358,-0.9984188232644072,0.0,0.0,0.004222332625515524,16.99983524285554,1.2068996463319068,0.0002483749145327763,-0.9994172629111003,12.809064753503844,2.5610449858866957,0.0002851424639912598
solid_composition_moduli,Solid composition/moduli,f_kf_shift;log_clay_mod_scale;log_cement_mod_scale,1.5,5.0,7.5,0.0026037152797164786,5.486770801913382,0.0004745442034517816,0.5576901706450873,-0.8300491994850989,0.010963619154527926,14.660867374635895,0.0007478151786227593,36.5681392487364,4.2107596172042925,2.0520135519056137,11.251315304216236,0.375872264386429,0.3758722643873986,0.07917833331158594,7.917833331158594,1.592680970169868,4.9169133717790245,-0.9982379776968324,0.0,0.0,0.0036888269558659204,13.714407451375834,1.4167551208854143,0.00026897457793525424,-0.9993719225747568,13.76301459756337,2.7347751961622864,0.00035877306396886325
solid_composition_moduli,Solid composition/moduli,f_kf_shift;log_clay_mod_scale;log_cement_mod_scale,2.0,5.0,7.5,0.00211883897094145,4.222240433145858,0.0005018281181497687,0.5599246741875273,-0.8285435168028241,0.010622775685191321,13.373340970179243,0.0007943247471876091,35.48141681488446,5.0134889110857594,2.2390821581812848,15.879507034185025,0.5122903472676339,0.512290347266211,0.08048079261210705,8.048079261210706,1.6177114858982933,5.041539470295766,-0.9981295146188752,0.0,0.0,0.003555326925495983,12.057963039432819,1.6779599461096693,0.000294853028979198,-0.999313821684097,14.06231995066331,2.7818169925961884,0.00042288944539613623
solid_composition_moduli,Solid composition/moduli,f_kf_shift;log_clay_mod_scale;log_cement_mod_scale,3.0,5.0,7.5,0.0016443309648722648,3.012591402100959,0.0005458194442583619,0.5626739479415869,-0.8266789148803956,0.01034494662592822,12.181530453315254,0.0008492320948976325,34.31522102112152,6.291280068870951,2.5082424262560727,25.439035541242248,0.6870938272216036,0.6870938272226645,0.08159268935068985,8.159268935068985,1.6390161467258662,5.150100076030978,-0.9980012997195862,0.0,0.0,0.0035649131072861273,10.472373663601754,2.1680021744059643,0.0003404111829657585,-0.9992106645223139,14.090096697582762,2.773959719381535,0.0005053218258139053
solid_composition_moduli,Solid composition/moduli,f_kf_shift;log_clay_mod_scale;log_cement_mod_scale,4.0,5.0,7.5,0.0014343053472155587,2.351059943092624,0.0006100675363167684,0.5640896612511308,-0.8257135423799131,0.01023863842558681,11.567337001044596,0.0008851335812782322,33.61209567530184,7.138395213727155,2.671777538218172,35.121275119514685,0.7809639037925944,0.7809639037925944,0.08202779702352825,8.202779702352824,1.6474341044593048,5.1936363871183735,-0.9979171824329096,0.0,0.0,0.0036184816489526206,9.713774462916906,2.522811238190836,0.00037251036276026974,-0.9991376436790441,14.006434019126734,2.7515141836866515,0.0005487938892938691
fluid_properties,Fluid properties,brine_salinity_shift;GOR_shift,0.25,5.0,7.5,0.00354794454173768,8.24378273994658,0.0004303782200063985,0.5548106227851732,-0.8319766660458261,0.011774327241488969,17.501654610131133,0.0006727550910913987,38.55418291703758,3.318633395470789,1.8217116663925685,7.04550050594207,0.2091283422222251,0.2091283422204823,0.07633346448545719,7.633346448545719,1.5374108211645703,4.652528434446868,-0.9984131634241866,0.0,0.0,0.004261218071520911,17.02632360395694,1.2010385228383222,0.0002502723530128723,-0.999412726045956,12.748817942117913,2.5494847447282663,0.00028283439257529674
fluid_properties,Fluid properties,brine_salinity_shift;GOR_shift,0.5,5.0,7.5,0.003534235466449598,8.238114502088447,0.00042901023839297606,0.5548380646400308,-0.8319583655607441,0.01176062201265582,17.49728380026598,0.0006721398673591294,38.57182360777458,3.3276283157415762,1.8241788058580157,7.067692128770865,0.21030134816279128,0.21030134815932516,0.0763793166944868,7.6379316694486805,1.5382934420851135,4.656636666115443,-0.9984146466935836,0.0,0.0,0.004250634563251587,17.01823344624793,1.2027027071633305,0.0002497694356278054,-0.9994139316515336,12.765180683298393,2.5526112253929436,0.00028350600277406493
fluid_properties,Fluid properties,brine_salinity_shift;GOR_shift,0.75,5.0,7.5,0.0035167927735195725,8.231424183762817,0.00042723989130055343,0.5548715412857069,-0.8319360388102105,0.011742906738103187,17.49234166919604,0.0006713170231966375,38.595455423386795,3.339095447000421,1.8273191968018125,7.095807131432537,0.2117654369533615,0.2117654369533615,0.07643852883365354,7.643852883365354,1.5394381139437405,4.6619700389615515,-0.9984166249296018,0.0,0.0,0.004236963422872719,17.0087338571968,1.2047805189932776,0.0002491051631735633,-0.9994155206041031,12.786356608306548,2.556671671379467,0.00028432699871454027
fluid_properties,Fluid properties,brine_salinity_shift;GOR_shift,1.0,5.0,7.5,0.003498495204923069,8.225104925833136,0.00042534353500283154,0.55490471825484,-0.8319139100042243,0.011723938478420237,17.487983701237702,0.0006703996686359264,38.62185282106152,3.3511375010382625,1.8306112370020737,7.125093056831419,0.21326202913719514,0.21326202913719514,0.07650184646562136,7.650184646562136,1.540668623890125,4.667710170384358,-0.9984188232644072,0.0,0.0,0.004222332625515524,16.99983524285554,1.2068996463319068,0.0002483749145327763,-0.9994172629111003,12.809064753503844,2.5610449858866957,0.0002851424639912598
fluid_properties,Fluid properties,brine_salinity_shift;GOR_shift,1.5,5.0,7.5,0.0034625301754496185,8.214666781911381,0.000421505858652,0.5549643971310978,-0.8318740997993128,0.011685549503372528,17.48175376646801,0.0006684426322138651,38.678349165490296,3.3748585315520403,1.837078803849209,7.182086311178051,0.21608964544257853,0.21608964544257853,0.07662982007057649,7.662982007057649,1.54317372701841,4.679417924176733,-0.9984234941333332,0.0,0.0,0.004192729273519991,16.9853725660545,1.2108859883006085,0.00024684352711221754,-0.9994209045651148,12.855183551732852,2.569980562927718,0.00028661383574076816
fluid_properties,Fluid properties,brine_salinity_shift;GOR_shift,2.0,5.0,7.5,0.0034279336273095318,8.206418847425892,0.00041771370570303903,0.5550167902628291,-0.8318391446225326,0.011647651729063124,17.47786674222378,0.0006664229623014705,38.736914375597564,3.3978638431821007,1.8433295536018786,7.236702459805779,0.21870567188637888,0.21870567188637888,0.0767562119305041,7.67562119305041,1.5456638019372588,4.691084544735944,-0.9984282987481582,0.0,0.0,0.0041634996515971245,16.974190566461814,1.2145800077421316,0.0002452841350693629,-0.999424602475726,12.901032955788724,2.5789116058157875,0.00028791029861746013
fluid_properties,Fluid properties,brine_salinity_shift;GOR_shift,3.0,5.0,7.5,0.003364856707541941,8.193574710696886,0.0004106701685589135,0.555106191190142,-0.8317794879067247,0.011577558382826147,17.473344133926005,0.0006625840076226346,38.84897147068155,3.440728503200857,1.8549200800036796,7.3375828415087865,0.22335038960929093,0.22335038960929093,0.07699094093122778,7.6990940931227785,1.5503072803200815,4.712918147110609,-0.9984374133121945,0.0,0.0,0.004109408135726689,16.957097153307238,1.221272848414591,0.00024234148678715377,-0.9994315682240567,12.986963145075892,2.5957078358178776,0.0002901325338372612
fluid_properties,Fluid properties,brine_salinity_shift;GOR_shift,4.0,5.0,7.5,0.0033137958429041436,8.184082721940012,0.00040490742279772785,0.5551760600252895,-0.8317328551733401,0.011520608526895515,17.4707325187552,0.0006594233249537705,38.94196369768245,3.476559532647336,1.8645534405447692,7.421484330502009,0.22706244674677392,0.22706244674677392,0.07718295907860465,7.7182959078604645,1.5541135582477117,4.730891006578974,-0.9984449102944176,0.0,0.0,0.004065428057906217,16.944570003572558,1.2268191073422792,0.0002399251239216499,-0.9994372827429251,13.058005776634735,2.6096181969282832,0.0002918778998029182
packing_reference,Packing reference,phic_pack_shift,0.25,5.0,7.5,0.00356517597312056,9.67552473510327,0.00036847365602673,0.5558218467776411,-0.8313014342852371,0.011777271832240643,18.64735736195721,0.0006315785987063055,39.79113227102704,3.303419500477595,1.8175311552976456,6.366584307141796,0.2514846086969098,0.2514846086969098,0.07637520340825703,7.637520340825703,1.5367202379912006,4.6493165857483945,-0.9985113948873118,0.0,0.0,0.004389544302703552,17.929567342522013,1.2312279494191225,0.0002448215408016705,-0.9994264629472024,12.57978189187525,2.5102678393036535,0.0003083457517094771
packing_reference,Packing reference,phic_pack_shift,0.5,5.0,7.5,0.003551599563322849,9.34016118622283,0.0003802503503431636,0.5556351702598309,-0.8314262189577187,0.011765463531520748,18.37759826797109,0.0006402068083088895,39.52208572434898,3.312722428795737,1.8200885771840163,6.518076161201954,0.2441467563099921,0.24414675630700647,0.07640316288131371,7.6403162881313715,1.537592247313304,4.653372601337262,-0.9984908322460698,0.0,0.0,0.004354711728072669,17.711582973501432,1.2261268902731912,0.0002458680138634598,-0.9994238356956601,12.626513122547758,2.520599344360057,0.0003035258550602782
packing_reference,Packing reference,phic_pack_shift,0.75,5.0,7.5,0.003529241942715533,8.835833653291218,0.00039942376477413,0.5553276916634093,-0.8316316220970612,0.011747127320584916,17.973849607293396,0.0006535676873483012,39.11602489151589,3.328512896326464,1.824421249691656,6.770859724393368,0.231543407316683,0.23154340731825707,0.07644666904844472,7.644666904844471,1.538948783439388,4.659689352861258,-0.9984589773396583,0.0,0.0,0.00429821505593786,17.387207432967614,1.2178861992756012,0.00024720560058356933,-0.9994204095541144,12.703452296619286,2.537627289278096,0.0002956911544559873
packing_reference,Packing reference,phic_pack_shift,1.0,5.0,7.5,0.003498495204923069,8.225104925833136,0.00042534353500283154,0.55490471825484,-0.8319139100042243,0.011723938478420237,17.487983701237702,0.0006703996686359264,38.62185282106152,3.3511375010382625,1.8306112370020737,7.125093056831419,0.21326202913719514,0.21326202913719514,0.07650184646562136,7.650184646562136,1.540668623890125,4.667710170384358,-0.9984188232644072,0.0,0.0,0.004222332625515524,16.99983524285554,1.2068996463319068,0.0002483749145327763,-0.9994172629111003,12.809064753503844,2.5610449858866957,0.0002851424639912598
packing_reference,Packing reference,phic_pack_shift,1.5,5.0,7.5,0.003414045497998286,6.912888339287397,0.0004938667211786929,0.5537422485881165,-0.8326881301715406,0.011670096892403059,16.45524516774995,0.0007092022497042382,37.55043286344627,3.418260506266082,1.8488538358307511,8.136731264436953,0.15844050756605263,0.15844050756605263,0.07663064446593817,7.663064446593817,1.5446805270390966,4.686474186054383,-0.9983261558524591,0.0,0.0,0.004025487642481007,16.184350573592837,1.1790960738048806,0.0002487271654291267,-0.9994153037674928,13.095672486344345,2.6249431881853718,0.0002577577305403942
packing_reference,Packing reference,phic_pack_shift,2.0,5.0,7.5,0.0033036340470602443,5.720033983485163,0.0005775549684841857,0.5522208241404304,-0.8336978837598569,0.011615739838076511,15.52946922556379,0.0007479804795231053,36.56409831417273,3.516049196917811,1.875113115766036,9.545813531310134,0.07926172639254574,0.0792617263879475,0.07676165344466496,7.6761653444664955,1.5487575342621853,4.705619977406478,-0.998233403767097,0.0,0.0,0.0037969446528434148,15.443011302926198,1.1493236232451791,0.00024586815216045047,-0.9994205081537811,13.452489419716308,2.7055759615058426,0.00022658172121846093
packing_reference,Packing reference,phic_pack_shift,3.0,5.0,7.5,0.0030304627830031183,4.009147352251615,0.0007558871043492955,0.5484490087005502,-0.8361840017934951,0.011526962220221204,14.222754859654339,0.0008104591785463248,35.12646348754137,3.8036970078867793,1.9503069009483558,13.493904152261674,0.13801349923668937,0.13801349923668937,0.07697776519939516,7.697776519939516,1.5554747253924528,4.737334924612308,-0.9980836548443037,0.0,0.0,0.003406136622266409,14.156866381269218,1.1239658316776973,0.00024059961650644863,-0.9994289949105414,14.11666287170547,2.864188723917156,0.00018736504422216867
packing_reference,Packing reference,phic_pack_shift,4.0,5.0,7.5,0.0027280759233330176,3.012384982321745,0.00090561994543951,0.5442613589164145,-0.8389157128046045,0.011468211109598947,13.472627201694268,0.0008512230716334782,34.27506656237004,4.20377270717147,2.0503103928848114,18.801004140157232,0.3969844513796249,0.3969844513796249,0.07712226772217208,7.712226772217208,1.5599605028545158,4.758633288994692,-0.9979857407527316,0.0,0.0,0.003326968828664345,12.786779476401772,1.2195294127296985,0.0002601881759831961,-0.9993775936372005,14.185077119339084,2.9066997790488296,0.00022850400664360774
all_static,All static nuisances,phi_bias;vsh_bias;sw_bias;f_kf_shift;log_clay_mod_scale;brine_salinity_shift;GOR_shift;log_cement_mod_scale;phic_pack_shift,0.25,5.0,7.5,0.007824928166531464,68.29746672506185,0.00011457127975231467,0.550382917016806,-0.8349123574699753,0.016009797845800477,77.60256668466371,0.00020630500419987306,69.62177938837807,2.0459993376395555,1.4303843321427832,2.324753869351654,0.015083047418158687,0.015083047418158687,0.06523685011576309,6.523685011576309,1.319996407926872,3.743407930641677,-0.9995114317749011,0.0,0.0,0.008199665374540643,77.5516599953965,1.0478901786743542,0.00010573165519638624,-0.9997496793264066,9.118153473403543,1.8441004158043497,0.0001991600376324629
all_static,All static nuisances,phi_bias;vsh_bias;sw_bias;f_kf_shift;log_clay_mod_scale;brine_salinity_shift;GOR_shift;log_cement_mod_scale;phic_pack_shift,0.5,5.0,7.5,0.005868481356278821,24.33032394947022,0.0002412002967353258,0.5520133428823532,-0.8338352770660699,0.014017084179327455,33.55413560234473,0.0004177453517338696,48.92650424414672,2.388536885156883,1.545489205771714,3.2940494628104284,0.06169540814768878,0.06169540814768878,0.06985743357914755,6.985743357914755,1.4097114024355766,4.094773491874268,-0.9990129537879762,0.0,0.0,0.0063276169536514715,33.39417317912998,1.0782375489497655,0.00018948266572462943,-0.9995529312877846,10.411079496459607,2.0966042554130837,0.00022284986264688704
all_static,All static nuisances,phi_bias;vsh_bias;sw_bias;f_kf_shift;log_clay_mod_scale;brine_salinity_shift;GOR_shift;log_cement_mod_scale;phic_pack_shift,0.75,5.0,7.5,0.004436381829189706,12.776550888325406,0.00034722843965999124,0.5535841212726034,-0.8327932640666827,0.012611003790778064,22.009004735838733,0.0005729929154971158,41.775857571065934,2.8426326399144575,1.6860108658945403,4.896745278202915,0.13535132902254918,0.13535132902254918,0.07372877147791257,7.372877147791257,1.4856859466382268,4.417994882369816,-0.9986478398101416,0.0,0.0,0.005022001534523923,21.686794662086147,1.132003900449024,0.00023156956169754388,-0.9994553374124044,11.718883807690023,2.3506029449074513,0.0002542436385864325
all_static,All static nuisances,phi_bias;vsh_bias;sw_bias;f_kf_shift;log_clay_mod_scale;brine_salinity_shift;GOR_shift;log_cement_mod_scale;phic_pack_shift,1.0,5.0,7.5,0.003498495204923069,8.225104925833136,0.00042534353500283154,0.55490471825484,-0.8319139100042243,0.011723938478420237,17.487983701237702,0.0006703996686359264,38.62185282106152,3.3511375010382625,1.8306112370020737,7.125093056831419,0.21326202913719514,0.21326202913719514,0.07650184646562136,7.650184646562136,1.540668623890125,4.667710170384358,-0.9984188232644072,0.0,0.0,0.004222332625515524,16.99983524285554,1.2068996463319068,0.0002483749145327763,-0.9994172629111003,12.809064753503844,2.5610449858866957,0.0002851424639912598
all_static,All static nuisances,phi_bias;vsh_bias;sw_bias;f_kf_shift;log_clay_mod_scale;brine_salinity_shift;GOR_shift;log_cement_mod_scale;phic_pack_shift,1.5,5.0,7.5,0.002417996947093326,4.592190775581736,0.000526545403982485,0.5567293807666892,-0.8306939247346996,0.010739287578493073,13.937291179204557,0.0007705433889848599,36.02478940304397,4.441398319961806,2.1074625310932116,13.479636333335257,0.33806364824826235,0.33806364824826235,0.07994319426665136,7.994319426665136,1.609766849116893,5.001644953941978,-0.9981829601196878,0.0,0.0,0.0033782535977779915,13.198828410338859,1.3971289756337326,0.0002559510202535666,-0.9994014248117864,14.361969384352399,2.8594604144782316,0.00033238616877716894
all_static,All static nuisances,phi_bias;vsh_bias;sw_bias;f_kf_shift;log_clay_mod_scale;brine_salinity_shift;GOR_shift;log_cement_mod_scale;phic_pack_shift,2.0,5.0,7.5,0.0018452435456520755,3.0976371170022863,0.0005956939034349496,0.5576491786849068,-0.8300767395319839,0.010228522212976099,12.530714799384661,0.000816276036661403,35.0010825142907,5.543182761472023,2.354396474995667,22.423556937517056,0.4092499573361992,0.4092499573361992,0.08190250829394968,8.190250829394968,1.649632824332028,5.20506830183796,-0.9980748124603256,0.0,0.0,0.002946884960748797,11.673238258460458,1.5970168098907622,0.0002524479407942326,-0.9994105474229977,15.399287034264267,3.059623231187349,0.0003576302671657482
all_static,All static nuisances,phi_bias;vsh_bias;sw_bias;f_kf_shift;log_clay_mod_scale;brine_salinity_shift;GOR_shift;log_cement_mod_scale;phic_pack_shift,3.0,5.0,7.5,0.00129115818934461,1.7826865776640533,0.0007242766089799597,0.5578023661121922,-0.8299738070322701,0.00973417453788894,11.367754082006662,0.0008562970721979799,34.17336698406397,7.539102968343478,2.7457426988600875,48.075006351003545,0.43293427207246155,0.43293427207246155,0.083931322689947,8.3931322689947,1.6912725826497945,5.426381832443548,-0.9979797632194579,0.0,0.0,0.0024372421567675495,10.538251913030583,1.88764024182404,0.00023127575397527663,-0.9994602720678193,16.941293459428973,3.363544854927263,0.0003619080482592836
all_static,All static nuisances,phi_bias;vsh_bias;sw_bias;f_kf_shift;log_clay_mod_scale;brine_salinity_shift;GOR_shift;log_cement_mod_scale;phic_pack_shift,4.0,5.0,7.5,0.001035632275787124,1.1902453247122793,0.0008700998477246442,0.5567237224909096,-0.8306977168717057,0.009505446554929797,10.878572672477754,0.0008737769964048779,33.829820737594616,9.178399299795151,3.029587315096753,83.88849065546829,0.3641117278347541,0.3641117278347541,0.08492429080979469,8.49242908097947,1.711617160146559,5.537909927365455,-0.9979382363058237,0.0,0.0,0.0020438314400546,10.257887043070532,1.9735107603721622,0.00019924487679314628,-0.9995344175859082,18.47836543923054,3.6748827157454946,0.0003322334194982587
