scheme,sample_subset,metric,n_valid,point_estimate,mean,median,mad,std,cv_abs,q02p5,q16,q84,q97p5,median_bias,probability_positive
IID,all_success,A_raw,120,0.3026134543411656,0.30202934079521654,0.30241050354335,0.0031767702628919814,0.004321937412177057,0.014309660779306335,0.29422659183975886,0.29752661296553284,0.3064265842128703,0.30897162593673133,-0.00020295079781562642,1.0
IID,all_success,Gamma_raw,120,1.4911805471801822,1.4894951755342816,1.4901906207867341,0.008163765672945855,0.012781626260087695,0.008581180033364612,1.4632205495116333,1.4761717413192335,1.5008065062261984,1.5122017174377869,-0.0009899263934480818,1.0
IID,all_success,A_adjusted,120,0.3028371625535019,0.30221052631584927,0.30267159862963444,0.0031673917220984837,0.004433229959924691,0.014669343301733275,0.2941391331865747,0.29767470125145606,0.3068462399146302,0.30923878038102004,-0.00016556392386746221,1.0
IID,all_success,Gamma_adjusted,120,1.61812043572011,1.6155994837504517,1.6166857060280053,0.014655412186936001,0.020211355591643165,0.012510127537751211,1.5788508701723005,1.5933913431181348,1.6342838582053782,1.6489647117755788,-0.0014347296921046748,1.0
IID,all_success,beta_raw,120,20.271560299724396,23.999792413640687,19.990283325803546,9.341118955667117,17.305813670144925,0.7210818065371629,5.197839199113547,9.126517498513014,39.8959984945748,62.87622362394474,-0.2812769739208498,1.0
IID,all_success,beta_adjusted,120,19.961765533133907,23.694134660855003,19.69633651086089,9.344194546392291,17.314222192006415,0.7307387435680941,4.889746731069841,8.794794732340488,39.63747338305551,62.583690762475634,-0.26542902227301823,1.0
IID,all_success,beta_raw_at_BT2,120,107.92660145468805,107.71527558368119,107.87802758277218,1.1574701257629698,1.5706864845345434,0.014581836011869255,104.93119572724021,106.07891264722365,109.29143451732806,110.24489764797758,-0.048573871915877476,1.0
IID,all_success,beta_raw_at_pooled,120,20.271560299724396,20.22935258169595,20.257659979474703,0.23885601620436603,0.32011172184177794,0.015824120942527022,19.68231641041245,19.88836063830138,20.564077348354495,20.762804364089714,-0.01390032024969301,1.0
IID,all_success,beta_raw_at_19A,120,8.332827109206809,8.313565088987309,8.31369382659365,0.11903345280855415,0.1514652500805102,0.018219049043249926,8.052332645359888,8.156535951897503,8.467908078499772,8.576183113759829,-0.019133282613159608,1.0
IID,all_success,beta_adjusted_at_BT2,120,107.68964717904936,107.46473143887995,107.62468402395281,1.131607309732395,1.5919720173011616,0.014813902161069354,104.62693777185662,105.82752584410149,109.12993801427953,109.97384859182678,-0.06496315509654949,1.0
IID,all_success,beta_adjusted_at_pooled,120,19.961765533133907,19.91832507751238,19.94155175431204,0.22002047487484155,0.30898104878236804,0.015512401147183053,19.373554354118006,19.610574491902284,20.24034132436108,20.401703397952453,-0.020213778821865702,1.0
IID,all_success,beta_adjusted_at_19A,120,8.003784490406185,7.985019191627341,7.983267046546514,0.09495413331060121,0.13596397328160054,0.01702738215384191,7.7333537195993864,7.8503420960830805,8.12445129005409,8.217421882371939,-0.020517443859670692,1.0
IID,all_success,Vcem_fraction,120,0.012546045825196089,0.014813406026543113,0.01268183671411717,0.005104273525897847,0.008147641127425921,0.5500180790850349,0.004635427493772327,0.007006532710229149,0.022816516087023786,0.032074105452264655,0.00013579088892108106,1.0
IID,all_success,Cn,120,5.436001877454284,5.501788743397966,5.3576333445000035,0.49122420045145443,0.7607747739306359,0.13827771465117597,4.459430618389686,4.7789886176279435,6.248818409884474,7.068797052433148,-0.07836853295428092,1.0
IID,interior_only,A_raw,120,0.3026134543411656,0.30202934079521654,0.30241050354335,0.0031767702628919814,0.004321937412177057,0.014309660779306335,0.29422659183975886,0.29752661296553284,0.3064265842128703,0.30897162593673133,-0.00020295079781562642,1.0
IID,interior_only,Gamma_raw,120,1.4911805471801822,1.4894951755342816,1.4901906207867341,0.008163765672945855,0.012781626260087695,0.008581180033364612,1.4632205495116333,1.4761717413192335,1.5008065062261984,1.5122017174377869,-0.0009899263934480818,1.0
IID,interior_only,A_adjusted,120,0.3028371625535019,0.30221052631584927,0.30267159862963444,0.0031673917220984837,0.004433229959924691,0.014669343301733275,0.2941391331865747,0.29767470125145606,0.3068462399146302,0.30923878038102004,-0.00016556392386746221,1.0
IID,interior_only,Gamma_adjusted,120,1.61812043572011,1.6155994837504517,1.6166857060280053,0.014655412186936001,0.020211355591643165,0.012510127537751211,1.5788508701723005,1.5933913431181348,1.6342838582053782,1.6489647117755788,-0.0014347296921046748,1.0
IID,interior_only,beta_raw,120,20.271560299724396,23.999792413640687,19.990283325803546,9.341118955667117,17.305813670144925,0.7210818065371629,5.197839199113547,9.126517498513014,39.8959984945748,62.87622362394474,-0.2812769739208498,1.0
IID,interior_only,beta_adjusted,120,19.961765533133907,23.694134660855003,19.69633651086089,9.344194546392291,17.314222192006415,0.7307387435680941,4.889746731069841,8.794794732340488,39.63747338305551,62.583690762475634,-0.26542902227301823,1.0
IID,interior_only,beta_raw_at_BT2,120,107.92660145468805,107.71527558368119,107.87802758277218,1.1574701257629698,1.5706864845345434,0.014581836011869255,104.93119572724021,106.07891264722365,109.29143451732806,110.24489764797758,-0.048573871915877476,1.0
IID,interior_only,beta_raw_at_pooled,120,20.271560299724396,20.22935258169595,20.257659979474703,0.23885601620436603,0.32011172184177794,0.015824120942527022,19.68231641041245,19.88836063830138,20.564077348354495,20.762804364089714,-0.01390032024969301,1.0
IID,interior_only,beta_raw_at_19A,120,8.332827109206809,8.313565088987309,8.31369382659365,0.11903345280855415,0.1514652500805102,0.018219049043249926,8.052332645359888,8.156535951897503,8.467908078499772,8.576183113759829,-0.019133282613159608,1.0
IID,interior_only,beta_adjusted_at_BT2,120,107.68964717904936,107.46473143887995,107.62468402395281,1.131607309732395,1.5919720173011616,0.014813902161069354,104.62693777185662,105.82752584410149,109.12993801427953,109.97384859182678,-0.06496315509654949,1.0
IID,interior_only,beta_adjusted_at_pooled,120,19.961765533133907,19.91832507751238,19.94155175431204,0.22002047487484155,0.30898104878236804,0.015512401147183053,19.373554354118006,19.610574491902284,20.24034132436108,20.401703397952453,-0.020213778821865702,1.0
IID,interior_only,beta_adjusted_at_19A,120,8.003784490406185,7.985019191627341,7.983267046546514,0.09495413331060121,0.13596397328160054,0.01702738215384191,7.7333537195993864,7.8503420960830805,8.12445129005409,8.217421882371939,-0.020517443859670692,1.0
IID,interior_only,Vcem_fraction,120,0.012546045825196089,0.014813406026543113,0.01268183671411717,0.005104273525897847,0.008147641127425921,0.5500180790850349,0.004635427493772327,0.007006532710229149,0.022816516087023786,0.032074105452264655,0.00013579088892108106,1.0
IID,interior_only,Cn,120,5.436001877454284,5.501788743397966,5.3576333445000035,0.49122420045145443,0.7607747739306359,0.13827771465117597,4.459430618389686,4.7789886176279435,6.248818409884474,7.068797052433148,-0.07836853295428092,1.0
MBB_12m,all_success,A_raw,120,0.3026134543411656,0.302421775098707,0.30340029772455274,0.0032444523962380234,0.00518799765992646,0.01715484163874495,0.288121768728035,0.2977859477390283,0.30751030356505005,0.309394502697714,0.0007868433833871369,1.0
MBB_12m,all_success,Gamma_raw,120,1.4911805471801822,1.4895348444472716,1.4912097206162582,0.01144689035705615,0.019845079031937177,0.01332300422908279,1.435318944597756,1.4737625983459899,1.5097579357172861,1.5210402617215069,2.917343607600209e-05,1.0
MBB_12m,all_success,A_adjusted,120,0.3028371625535019,0.30260540569185773,0.30364655220892245,0.003472511720957,0.005376912090952437,0.01776872451653336,0.2877207533752977,0.297922008637129,0.3078476865028873,0.30978377526147244,0.0008093896554205449,1.0
MBB_12m,all_success,Gamma_adjusted,120,1.61812043572011,1.61537253553636,1.6195646089204168,0.01830661319119531,0.028006111971245397,0.017337246582532984,1.5367671234546236,1.5927023620449574,1.641655553747924,1.6548850093062135,0.0014441732003067642,1.0
MBB_12m,all_success,beta_raw,120,20.271560299724396,27.227010806487897,23.100675868450182,12.297290977250569,19.35990669690905,0.7110551663018327,0.880061640427256,9.674052645106995,46.912926403494225,68.6001493389912,2.8291155687257863,1.0
MBB_12m,all_success,beta_adjusted,120,19.961765533133907,26.929518993932845,22.817872205882587,12.298237490185079,19.377779933348986,0.71957393437717,0.5831380065044547,9.369239751765285,46.63174279655086,68.36769106852036,2.8561066727486804,1.0
MBB_12m,all_success,beta_raw_at_BT2,120,107.92660145468805,107.86000424150238,108.18094365149383,1.1668743933682038,1.874166634876864,0.017375918423668316,102.73506618175595,106.16277184880488,109.686424746043,110.4247359203328,0.25434219680577996,1.0
MBB_12m,all_success,beta_raw_at_pooled,120,20.271560299724396,20.260529719112412,20.3162402792382,0.24248168014075588,0.37297176104735164,0.01840878625673421,19.27710160240723,19.91287166503302,20.614298589708664,20.765193925750488,0.044679979513805534,1.0
MBB_12m,all_success,beta_raw_at_19A,120,8.332827109206809,8.329416747468949,8.363465461552458,0.11446173865129339,0.17066362547996358,0.0204892648133884,7.905756115030067,8.159576224484528,8.49240265072335,8.565930137485394,0.030638352345649267,1.0
MBB_12m,all_success,beta_adjusted_at_BT2,120,107.68964717904936,107.61103354347365,107.99518040906463,1.252401398070127,1.9191645900727754,0.01783427337213943,102.33787147345116,105.90890872635379,109.52404050161283,110.17117307387586,0.30553323001527133,1.0
MBB_12m,all_success,beta_adjusted_at_pooled,120,19.961765533133907,19.95038522879586,20.023305701893275,0.24052566707909762,0.3625497337727771,0.018172568079010444,18.989612274221653,19.630715015103906,20.31204460050712,20.453548565085864,0.061540168759368186,1.0
MBB_12m,all_success,beta_adjusted_at_19A,120,8.003784490406185,8.001680480357415,8.036886755165453,0.10615229690963268,0.15203616155096403,0.019000528941912082,7.620071399618632,7.861252448206613,8.148414980276737,8.207386732768775,0.03310226475926825,1.0
MBB_12m,all_success,Vcem_fraction,120,0.012546045825196089,0.014898036683936664,0.011268149279612071,0.005100652756792414,0.011614172874507616,0.7795774115008208,0.0042714413921321435,0.006053833500940088,0.021874312329647875,0.05708692745165904,-0.0012778965455840178,1.0
MBB_12m,all_success,Cn,120,5.436001877454284,5.648940275376516,5.572989523371336,0.6273331953341823,0.8420555437141487,0.1490643382059874,4.281072487175386,4.799129293486834,6.516930660010361,7.344013569532486,0.13698764591705181,1.0
MBB_12m,interior_only,A_raw,118,0.3026134543411656,0.3026784528075372,0.3034880958620064,0.0032396422571151773,0.004835993905375193,0.015977331258694633,0.29074377816989017,0.29782580847160856,0.3075324174446884,0.309411031969934,0.0008746415208408242,1.0
MBB_12m,interior_only,Gamma_raw,118,1.4911805471801822,1.4903492700369458,1.4916554094443888,0.011290594000724075,0.018944214073604453,0.012711257994667803,1.4427920988484364,1.475313272800833,1.509829637671509,1.5211259158606512,0.00047486226420656585,1.0
MBB_12m,interior_only,A_adjusted,118,0.3028371625535019,0.3028732202026645,0.30373299725693503,0.0033860666729444155,0.0050062891024968605,0.01652932239815377,0.29087788216366267,0.29805308324190594,0.3079033508876105,0.3098066893268104,0.0008958347034331293,1.0
MBB_12m,interior_only,Gamma_adjusted,118,1.61812043572011,1.6167901197292318,1.620097814096791,0.018155349914836583,0.02598044746811615,0.016069152792984143,1.556189876827872,1.5943719456939651,1.6417268947701817,1.6549770853907209,0.001977378376680994,1.0
MBB_12m,interior_only,beta_raw,118,20.271560299724396,27.67919225866247,23.244378414461465,12.085609343467098,19.205206819315855,0.6938499736496248,2.5900416334873397,10.209485540427332,47.28159958342772,69.21715817198262,2.97281811473707,1.0
MBB_12m,interior_only,beta_adjusted,118,19.961765533133907,27.381291021780306,22.946014966071154,12.07639459013279,19.224114317196065,0.7020894048386668,2.2872401137462246,9.915456742703052,47.00858320822464,68.98652921202797,2.984249432937247,1.0
MBB_12m,interior_only,beta_raw_at_BT2,118,107.92660145468805,107.95268160931963,108.25071137643792,1.166250425082822,1.747124353944179,0.01618416817348749,103.60187962563754,106.20417740347173,109.70811748314911,110.4272141074792,0.32410992174986575,1.0
MBB_12m,interior_only,beta_raw_at_pooled,118,20.271560299724396,20.278886579004116,20.341815289528768,0.24338124842519981,0.3479245446323048,0.01715698459463405,19.382689039950705,19.939608426369254,20.61681897431101,20.766870763147995,0.07025498980437206,1.0
MBB_12m,interior_only,beta_raw_at_19A,118,8.332827109206809,8.337684438167756,8.365754144176694,0.11403721783138288,0.1595694825304338,0.01913834515011939,7.94141163475415,8.16625337201921,8.492613962821814,8.56663499507129,0.03292703496988558,1.0
MBB_12m,interior_only,beta_adjusted_at_BT2,118,107.68964717904936,107.70630278499972,108.00355296982636,1.2443435218314036,1.7878824605121635,0.01659960851205787,103.37668363367499,105.97678261587664,109.53378521778328,110.1791422701525,0.31390579077699954,1.0
MBB_12m,interior_only,beta_adjusted_at_pooled,118,19.961765533133907,19.968073039637115,20.034186553919568,0.23053591865418,0.3386955291381626,0.016961853478091933,19.111717140003396,19.648222352242872,20.31407856396191,20.453731143161846,0.07242102078566148,1.0
MBB_12m,interior_only,beta_adjusted_at_19A,118,8.003784490406185,8.008794342328605,8.038051277062893,0.10416954345074991,0.1429156727012546,0.017844842381069436,7.668601489967248,7.874343305088426,8.148879636872453,8.20738964320899,0.03426678665670835,1.0
MBB_12m,interior_only,Vcem_fraction,118,0.012546045825196089,0.014133596627732201,0.01121610404203022,0.004984000040623181,0.010091234535558677,0.7139891424209875,0.004240424479431918,0.006012787454219446,0.021067695447330687,0.04340525372047437,-0.0013299417831658684,1.0
MBB_12m,interior_only,Cn,118,5.436001877454284,5.673080820378719,5.584901341870772,0.6230477461524808,0.8281875971249681,0.145985510051253,4.29518573355075,4.8081555271224135,6.5195429493210515,7.358091367997765,0.1488994644164876,1.0
MBB_20m_primary,all_success,A_raw,400,0.3026134543411656,0.3031466580982541,0.3038935513014959,0.003083631865704567,0.004933957469432724,0.016275810198222797,0.2909756266800667,0.29880763433397567,0.3078092918811444,0.3109157439846246,0.0012800969603303236,1.0
MBB_20m_primary,all_success,Gamma_raw,400,1.4911805471801822,1.4905352985393745,1.4926539299622976,0.013055842352094449,0.021050549784129964,0.014122811988926464,1.4424820743681779,1.4706236754719024,1.5117345346072604,1.5253764690154115,0.0014733827821153955,1.0
MBB_20m_primary,all_success,A_adjusted,400,0.3028371625535019,0.3033562604851111,0.3040616194921516,0.0032601586421376616,0.005157272891737365,0.017000713561968788,0.2901499258743855,0.29880179523920986,0.30825705714008217,0.3113995079927066,0.0012244569386496984,1.0
MBB_20m_primary,all_success,Gamma_adjusted,400,1.61812043572011,1.6180453502394692,1.6206998802556023,0.016910404013551372,0.028206829028383864,0.017432656646001472,1.5528427866918688,1.5929663287312408,1.6445863842927548,1.6680187411427139,0.0025794445354923035,1.0
MBB_20m_primary,all_success,beta_raw,400,20.271560299724396,31.767867772579237,24.228354590983436,12.245797415934582,27.811370541928035,0.8754560029343142,2.538757201927206,11.093796582341271,50.40801388283899,105.37347122537865,3.9567942912590404,1.0
MBB_20m_primary,all_success,beta_adjusted,400,19.961765533133907,31.47675524382531,23.924267689155613,12.25940610626055,27.846640126346514,0.8846731472364546,2.1825089752614217,10.752337773958013,50.137616345663524,105.18705697238735,3.9625021560217064,1.0
MBB_20m_primary,all_success,beta_raw_at_BT2,400,107.92660145468805,108.12500527647397,108.41569213675422,1.1140074216143319,1.7784126185700422,0.016447745958695387,103.75132989447049,106.54998627170298,109.77113684445206,110.9304748124448,0.4890906820661627,1.0
MBB_20m_primary,all_success,beta_raw_at_pooled,400,20.271560299724396,20.315725401096078,20.369414593612035,0.21790144848035453,0.35090621463708227,0.017272640169577705,19.45876471760872,20.00087257813002,20.636305809882714,20.862414257150938,0.09785429388763944,1.0
MBB_20m_primary,all_success,beta_raw_at_19A,400,8.332827109206809,8.35622725934223,8.382077182556417,0.09887948937745872,0.158879715834336,0.019013331124606393,7.982607753021162,8.20800425861399,8.502310560922785,8.60086646353973,0.04925007334960796,1.0
MBB_20m_primary,all_success,beta_adjusted_at_BT2,400,107.68964717904936,107.88141009377107,108.15131357254593,1.1564884080430673,1.8394266449507006,0.01705045052110333,103.18784307301655,106.27426589495786,109.62774440301959,110.74831939604847,0.46166639349657146,1.0
MBB_20m_primary,all_success,beta_adjusted_at_pooled,400,19.961765533133907,20.003334746439535,20.062682502948647,0.21453856572013486,0.3467248981105005,0.01733335478836674,19.135533474714943,19.686300556225085,20.331604973757017,20.516504315702875,0.1009169698147403,1.0
MBB_20m_primary,all_success,beta_adjusted_at_19A,400,8.003784490406185,8.02509227795077,8.046452975297496,0.09139315085205268,0.14546358355048833,0.018126094817645242,7.671236896582349,7.88935386497484,8.165937306364645,8.23799980197982,0.04266848489131192,1.0
MBB_20m_primary,all_success,Vcem_fraction,400,0.012546045825196089,0.013452972904603447,0.010838682997252384,0.004602561965059318,0.01008902885682867,0.7499479058176297,0.002847692781251686,0.005677569918106179,0.019923469010913134,0.04402522060578613,-0.0017073628279437054,1.0
MBB_20m_primary,all_success,Cn,400,5.436001877454284,5.795423259518357,5.689928884405086,0.6074945859951404,0.9350911915373048,0.16134993936836597,4.348321968335238,4.904821299163429,6.591261630058577,7.960269585658289,0.2539270069508017,1.0
MBB_20m_primary,all_success,hierarchy_qstar_delta,400,,2.053489916494957,0.8686650661445867,0.8162084947620656,2.9753695918179695,1.4489331395873335,0.003316824078027027,0.06692756110699406,4.076290650236592,9.330033050260619,,1.0
MBB_20m_primary,all_success,hierarchy_Cn_delta,400,,0.2806373001884482,0.2200406282536136,0.1524675067797574,0.25989255505781805,0.9260798720743821,0.0005830635665112996,0.03978903793088989,0.5233818290612576,0.9410144801923382,,1.0
MBB_20m_primary,all_success,hierarchy_delta_Cn_minus_qstar,400,,-1.772852616306509,-0.5264706524237823,0.7625885753602688,2.9938022613199538,1.6886921302895008,-9.235141547984021,-3.739259070910824,0.1706368421478214,0.6360822339821817,,0.29
MBB_20m_primary,interior_only,A_raw,398,0.3026134543411656,0.303227932447381,0.3039079122387673,0.0030680558194227103,0.004810618646132171,0.015864694941871673,0.29115203085779445,0.29886640196450776,0.3078111324944758,0.31091716411328135,0.0012944578976016863,1.0
MBB_20m_primary,interior_only,Gamma_raw,398,1.4911805471801822,1.4907571108799351,1.492932614725918,0.012923496650958044,0.020866666754391423,0.013997361878807107,1.4435009056866563,1.4709633245668854,1.511747665091765,1.5254028421537382,0.0017520675457358692,1.0
MBB_20m_primary,interior_only,A_adjusted,398,0.3028371625535019,0.30344233485493877,0.3040887130679095,0.003222178705239831,0.0050245305731131595,0.016558436302288364,0.29075801478327584,0.29894179645757524,0.3082591323779487,0.3113995737674523,0.0012515505144076178,1.0
MBB_20m_primary,interior_only,Gamma_adjusted,398,1.61812043572011,1.6184284243040845,1.620981295373023,0.016787609386121893,0.027752455922244325,0.01714778083817808,1.5580361025672507,1.5932877865233601,1.644650035532439,1.6680221248630547,0.0028608596529129393,1.0
MBB_20m_primary,interior_only,beta_raw,398,20.271560299724396,31.924848100649783,24.449996851737684,12.35014015180277,27.79258781287653,0.8705628833457426,2.5728883813288115,11.278216386030541,50.44060540533666,105.41460086897642,4.178436552013288,1.0
MBB_20m_primary,interior_only,beta_adjusted,398,19.961765533133907,31.633745412057273,24.09269123057446,12.329467234039729,27.82804777604601,0.8796950033440961,2.293188095850228,10.985324222297308,50.16283809187681,105.22818500953659,4.130925697440553,1.0
MBB_20m_primary,interior_only,beta_raw_at_BT2,398,107.92660145468805,108.15444139189842,108.41767898117469,1.1011172818787145,1.7334743292142005,0.016027768318204738,103.82459760695777,106.58927445089807,109.77548298468585,110.93078330851058,0.4910775264866345,1.0
MBB_20m_primary,interior_only,beta_raw_at_pooled,398,20.271560299724396,20.321630998954475,20.37104788741531,0.2190295508916389,0.3417024135628469,0.016814714014855753,19.489718890449723,20.002677578756433,20.637888949677148,20.862670414348653,0.0994875876909127,1.0
MBB_20m_primary,interior_only,beta_raw_at_19A,398,8.332827109206809,8.358941212980888,8.383383287565625,0.09757338436825069,0.1545698996909977,0.018491564392265465,7.989722408297028,8.209818773221302,8.503006570326724,8.60135858107365,0.050556178358815984,1.0
MBB_20m_primary,interior_only,beta_adjusted_at_BT2,398,107.68964717904936,107.91221176054913,108.16518987824132,1.133551392721941,1.7917318144902346,0.01660360570188277,103.43317962931016,106.29773254152192,109.6297244731407,110.74886845950508,0.475542699191962,1.0
MBB_20m_primary,interior_only,beta_adjusted_at_pooled,398,19.961765533133907,20.009206727866573,20.065015304312084,0.21335922121132356,0.3375059704911833,0.01686753378489228,19.17103961757999,19.702389252089162,20.331835935404104,20.51661646313101,0.10324977117817724,1.0
MBB_20m_primary,interior_only,beta_adjusted_at_19A,398,8.003784490406185,8.027571847297125,8.048138390137684,0.09006361558398401,0.14153975162719762,0.017631701630282375,7.676571439055172,7.894782883054981,8.16701634621125,8.238021014138921,0.04435389973149917,1.0
MBB_20m_primary,interior_only,Vcem_fraction,398,0.012546045825196089,0.013219068245832608,0.010770848733511383,0.0045202644054310615,0.00955674899805261,0.7229517860357089,0.0028466466329160763,0.005674463155808057,0.01965613640633329,0.04396541634536992,-0.001775197091684706,1.0
MBB_20m_primary,interior_only,Cn,398,5.436001877454284,5.8036633404544125,5.691205254750946,0.6051489655624156,0.9301539989203529,0.16027015082641305,4.396795284215794,4.909884651346809,6.60168750778402,7.96074784174929,0.2552033772966613,1.0
MBB_20m_primary,interior_only,hierarchy_qstar_delta,398,,1.9784584555259324,0.8603501050101698,0.8078935336276487,2.7870208863075585,1.4086830474116205,0.0032560368436946882,0.06647973085687113,4.027074508193292,9.210600605016475,,1.0
MBB_20m_primary,interior_only,hierarchy_Cn_delta,398,,0.2810567175842614,0.2200406282536136,0.15321812902486442,0.2604680348136633,0.9267454521366296,0.0005763905308732831,0.03971983850707488,0.5249343522504055,0.9420415583520086,,1.0
MBB_20m_primary,interior_only,hierarchy_delta_Cn_minus_qstar,398,,-1.6974017379416708,-0.5083687009323938,0.7385429468642002,2.804561886648572,1.6522675946175727,-8.832322077925303,-3.6344897698803558,0.17084581400344856,0.6365574649925849,,0.2914572864321608
MBB_40m,all_success,A_raw,120,0.3026134543411656,0.30437957111329594,0.3055800538765724,0.0030858624380356303,0.004937769544346661,0.016222407851769816,0.2909754073621421,0.2996494841184838,0.3088873617487457,0.3114732357277074,0.0029665995354067887,1.0
MBB_40m,all_success,Gamma_raw,120,1.4911805471801822,1.489687780664092,1.4932111213171437,0.01612789020961991,0.024010553637282894,0.016117842912411594,1.4381530762117825,1.4662592705521693,1.5115287676835742,1.525490263175842,0.002030574136961505,1.0
MBB_40m,all_success,A_adjusted,120,0.3028371625535019,0.30459044530371776,0.30580976152573247,0.003187370267587003,0.00522289994202848,0.017147287521841154,0.29059289813919276,0.29948871729826587,0.30935690385394515,0.31200728639901393,0.002972598972230567,1.0
MBB_40m,all_success,Gamma_adjusted,120,1.61812043572011,1.6202592438438446,1.625597465316867,0.01771722104096851,0.02910280993261262,0.017961823111448613,1.553473465517416,1.5952224198488372,1.6468793255236238,1.663282082485972,0.007477029596757001,1.0
MBB_40m,all_success,beta_raw,120,20.271560299724396,39.46238067105989,32.99768950734767,17.57902082514644,32.242848195434256,0.8170527891917037,2.5860401896264067,12.02672358385614,64.22554520694459,121.01501415039294,12.726129207623277,1.0
MBB_40m,all_success,beta_adjusted,120,19.961765533133907,39.17676447087387,32.703203306706435,17.595608543530993,32.294907388782974,0.8243382991158639,2.241763187163395,11.68690320076716,63.959281258425584,120.86738068370565,12.741437773572528,1.0
MBB_40m,all_success,beta_raw_at_BT2,120,107.92660145468805,108.58214703940739,109.0132550158492,1.1134132827024104,1.7691520371210423,0.016293212884056982,103.73620094101557,106.89262432457147,110.18352834585774,111.13150722419586,1.0866535611611425,1.0
MBB_40m,all_success,beta_raw_at_pooled,120,20.271560299724396,20.416183847424676,20.496018074728184,0.19856232161338028,0.340095627129196,0.016658138938736883,19.45122942661124,20.089725057952915,20.704802345019267,20.911285406510473,0.22445777500378838,1.0
MBB_40m,all_success,beta_raw_at_19A,120,8.332827109206809,8.408618078916108,8.440140734095596,0.08779409872744637,0.14739241534880168,0.0175287323036321,7.970334887637877,8.264706424337527,8.532604768415219,8.624498618359354,0.10731362488878737,1.0
MBB_40m,all_success,beta_adjusted_at_BT2,120,107.68964717904936,108.33131548961043,108.75239175112144,1.089882112980895,1.8596979907356725,0.017166762743816472,103.32061390503942,106.51849846827461,110.01069301040235,110.96062129897183,1.0627445720720772,1.0
MBB_40m,all_success,beta_adjusted_at_pooled,120,19.961765533133907,20.095993208013418,20.17971912733512,0.19883545594619711,0.3476709405288239,0.017300510451515663,19.139352791947864,19.756769097669906,20.401231640628726,20.576065367084833,0.2179535942012123,1.0
MBB_40m,all_success,beta_adjusted_at_19A,120,8.003784490406185,8.069379904773001,8.09967659476594,0.08471692106271078,0.1433088550706806,0.01775958707631476,7.664363282884991,7.937559872873491,8.187539797737038,8.256337621877963,0.09589210435975559,1.0
MBB_40m,all_success,Vcem_fraction,120,0.012546045825196089,0.01170000093108083,0.008301895642138932,0.0037612040795848727,0.010008524067707752,0.8554293394217002,0.002495806298902979,0.004539564973608919,0.01888375809763376,0.0447594589921044,-0.004244150183057157,1.0
MBB_40m,all_success,Cn,120,5.436001877454284,6.084025726828449,5.993955972219458,0.671275129514096,0.9929862777558721,0.16321204451472748,4.334861784150982,5.088453696014057,7.001950823290071,8.360652513688253,0.557954094765174,1.0
MBB_40m,interior_only,A_raw,119,0.3026134543411656,0.30451769916319,0.3057386545760654,0.0030786714429121287,0.00472009171670425,0.015500221266859003,0.29213440456809703,0.29975268585159753,0.3088948428516606,0.3114838568075137,0.0031252002348998165,1.0
MBB_40m,interior_only,Gamma_raw,119,1.4911805471801822,1.4902826303205308,1.4933735391395249,0.016030844667397126,0.023207131634317733,0.01557230230169584,1.4472297877933833,1.466360237159803,1.511576659074247,1.5256017848307206,0.0021929919593426384,1.0
MBB_40m,interior_only,A_adjusted,119,0.3028371625535019,0.30473948985702926,0.3058705311859864,0.0032232696653258786,0.004982123526592367,0.016348795257647004,0.2911838967754416,0.2998553169155187,0.30937120637494697,0.3120188978044671,0.00303336863248449,1.0
MBB_40m,interior_only,Gamma_adjusted,119,1.61812043572011,1.6210070111257744,1.6256842350341258,0.017568418132431818,0.02804432109734842,0.017300555090055965,1.5583906719102112,1.595980602118568,1.6469680396032773,1.6633452574623306,0.007563799314015851,1.0
MBB_40m,interior_only,beta_raw,119,20.271560299724396,39.788738478236795,33.403570297223126,17.142923815437378,32.179527576735815,0.8087596844603911,2.6440496973203356,12.91438898776597,64.53974150421183,121.52283421191744,13.13200999749873,1.0
MBB_40m,interior_only,beta_adjusted,119,19.961765533133907,39.50365196579363,33.10211581540882,17.16764190971047,32.231481155779775,0.8159114297505745,2.328275423525006,12.580867035148646,64.27463184836706,121.37686645020845,13.140350282274916,1.0
MBB_40m,interior_only,beta_raw_at_BT2,119,107.92660145468805,108.63162615002894,109.08977332895132,1.0605809383734623,1.691198372191693,0.015568195304892271,104.28530133141705,106.89517996872534,110.18585978076997,111.13517413757137,1.16317187426327,1.0
MBB_40m,interior_only,beta_raw_at_pooled,119,20.271560299724396,20.42565825708121,20.49604567761715,0.19469128273750513,0.32524180126200225,0.01592319802713074,19.66806079689446,20.09265268911613,20.706762399111255,20.91187274309691,0.2244853778927549,1.0
MBB_40m,interior_only,beta_raw_at_19A,119,8.332827109206809,8.412650154483492,8.441923934814666,0.08784221460862263,0.14121324671076474,0.01678582184182539,8.08806094320206,8.278514264913632,8.532645365442614,8.62466294717363,0.10909682560785683,1.0
MBB_40m,interior_only,beta_adjusted_at_BT2,119,107.68964717904936,108.38443845182141,108.7622834943937,1.094502711431545,1.7737728057656337,0.016365567152466298,103.64656850068366,106.61019804895487,110.01677267802924,110.965146919862,1.0726363153443401,1.0
MBB_40m,interior_only,beta_adjusted_at_pooled,119,19.961765533133907,20.1059430597016,20.186714857903812,0.1924545632679333,0.33154008001497065,0.016489655771455825,19.297042669076227,19.761215440035382,20.401724807369437,20.576770236582668,0.2249493247699057,1.0
MBB_40m,interior_only,beta_adjusted_at_19A,119,8.003784490406185,8.073448533812156,8.10557115696664,0.0807342322189637,0.13677788767202656,0.016941693143789967,7.782690952340076,7.9392010577420296,8.187809343463005,8.256615619557515,0.10178666656045543,1.0
MBB_40m,interior_only,Vcem_fraction,119,0.012546045825196089,0.011294118585963867,0.008196959514513871,0.0036550433987585706,0.009004613648298,0.7972834338297791,0.00248710000970205,0.004519390789949598,0.017941075679152516,0.043426226407548736,-0.004349086310682218,1.0
MBB_40m,interior_only,Cn,119,5.436001877454284,6.0988700703132475,5.996453637190165,0.6695610877514282,0.9837231475079212,0.1612959673130724,4.501258836193519,5.114321139855008,7.004931886641214,8.36207359886684,0.5604517597358809,1.0
