train,test,adjustment,Vcem_fraction,Vcem_percent,lnCn_profile,Cn_profile,profile_objective,lnCn_train_qstar,error_train_qstar,lnCn_test_oracle_qstar,error_test_oracle_qstar,lnCn_pooled_qstar,error_pooled_qstar,lnCn_train_local_exponential,error_train_local_exponential,lnCn_constant_Cn,error_constant_Cn
19A,BT2,raw,0.001,0.1,2.420335193843057,11.24962948951844,0.0005290567149225263,2.405598670868653,-0.014736522974403865,2.418800333377716,-0.0015348604653406817,2.4105816608529724,-0.009753532990084413,2.129380330921326,-0.2909548629217307,2.1153340630480177,-0.3050011307950391
19A,BT2,raw,0.002709648210837285,0.2709648210837285,2.1153340616255853,8.292355461214349,1.864729486065945e-15,2.1153340630480177,1.4224323940936756e-09,2.1153340630480177,1.4224323940936756e-09,2.1153340630480177,1.4224323940936756e-09,2.1153340630480177,1.4224323940936756e-09,2.1153340630480177,1.4224323940936756e-09
19A,BT2,raw,0.002735294117647059,0.2735294117647059,2.1125029874100183,8.268912387680277,5.0067696235554136e-08,2.1126259184387215,0.00012293102870319927,2.1125028162145845,-1.7119543382904112e-07,2.1125796597043203,7.667229430197153e-05,2.1151233593052123,0.0026203718951940402,2.1153340630480177,0.0028310756379994473
19A,BT2,raw,0.004470588235294118,0.4470588235294118,1.9669223354381946,7.148641477014007,0.0001599241919250613,1.9728629927630437,0.005940657324849052,1.9663896981840718,-0.0005326372541227808,1.970439312385677,0.00351697694748232,2.1008663876890985,0.1339440522509039,2.1153340630480177,0.14841172760982313
19A,BT2,raw,0.0062058823529411765,0.6205882352941177,1.8726438779511558,6.505473359965444,0.0005032746594053688,1.8817051754054002,0.009061297454244333,1.8710943760101555,-0.0015495019410003419,1.8777454783235266,0.005101600372370729,2.0866094160729847,0.21396553812182884,2.1153340630480177,0.2426901850968619
19A,BT2,raw,0.007941176470588236,0.7941176470588236,1.8038724569774942,6.073119882580106,0.000976912697926785,1.8147934043280658,0.010920947350571586,1.8011488987653146,-0.002723558212179622,1.8097175078502208,0.005845050872726576,2.072352444456871,0.2684799874793766,2.1153340630480177,0.31146160607052353
19A,BT2,raw,0.009676470588235293,0.9676470588235293,1.7503953212489218,5.756878042443376,0.0015757531665116591,1.7624645512755235,0.012069230026601652,1.7464502473461454,-0.00394507390277643,1.7565250318235825,0.006129710574660718,2.058095472840757,0.30770015159183517,2.1153340630480177,0.3649387417990959
19A,BT2,raw,0.011411764705882354,1.1411764705882355,1.7071170028223412,5.5130444526823785,0.002304690448209878,1.7198880869627462,0.012771084140404954,1.7019479943987115,-0.005169008423629773,1.713253919263896,0.006136916441554785,2.043838501224643,0.3367214984023019,2.1153340630480177,0.4082170602256765
19A,BT2,raw,0.013147058823529411,1.3147058823529412,1.671126849785521,5.3181571862612,0.0031711147893913514,1.6842996670211263,0.013172817235605372,1.6647519557309027,-0.006374894054618219,1.6770919841823504,0.005965134396829441,2.029581529608529,0.35845467982300794,2.1153340630480177,0.4442072132624968
19A,BT2,raw,0.014882352941176472,1.488235294117647,1.6406056810633771,5.158292846563486,0.00418297430301467,1.6539685572881722,0.01336287622479504,1.633052610052075,-0.007553071011302093,1.6462785398058133,0.005672858742436171,2.015324557992415,0.37471887692903794,2.1153340630480177,0.4747283819846406
19A,BT2,raw,0.01661764705882353,1.6617647058823528,1.6143407235614187,5.024574247859129,0.005348221414009667,1.6277390231060629,0.013398299544644221,1.6056416110914822,-0.008699112469936487,1.6196378505694475,0.005297127008028868,2.001067586376301,0.38672686281488255,2.1153340630480177,0.5009933394865991
19A,BT2,raw,0.01835294117647059,1.835294117647059,1.5914830882642397,4.911027016502538,0.006674668889538688,1.6048008627755785,0.013317774511338865,1.5816718751241678,-0.009811213140071828,1.596345694128029,0.004862605863789282,1.9868106147601874,0.3953275264959477,2.1153340630480177,0.5238509747837781
19A,BT2,raw,0.02008823529411765,2.008823529411765,1.5714155459729375,4.813457043251985,0.008169976956355275,1.5845640945541417,0.013148548581204178,1.5605265633876204,-0.01088898258531712,1.5758018795265138,0.004386333553576316,1.9725536431440736,0.401138097171136,2.1153340630480177,0.5439185170750802
19A,BT2,raw,0.021823529411764707,2.182352941176471,1.5536753388687035,4.728818292644792,0.009841681744490436,1.5665857596642114,0.01291042079550797,1.5417425529683424,-0.011932785900361065,1.5575557833676377,0.00388044449893421,1.9582966715279597,0.40462133265925626,2.1153340630480177,0.5616587241793143
19A,BT2,raw,0.023558823529411764,2.3558823529411765,1.5379066631610276,4.654835925462578,0.011697234193465623,1.5505248178150588,0.012618154654031155,1.5249632790478103,-0.012943384113217382,1.541260464698054,0.0033538015370262464,1.9440396999118459,0.40613303675081824,2.1153340630480177,0.5774273998869901
19A,BT2,raw,0.025294117647058825,2.5294117647058822,1.523830114849965,4.589770922385366,0.013744038733874281,1.5361131145051279,0.012282999655162996,1.5099083805592703,-0.013921734290694543,1.5266431298339675,0.0028130149840026597,1.929782728295732,0.40595261344576716,2.1153340630480177,0.5915039481980529
19A,BT2,raw,0.027029411764705885,2.7029411764705884,1.5112223151282411,4.532267268814571,0.015989488367399333,1.5231360028427632,0.011913687714522059,1.496353439862288,-0.014868875265953152,1.5134854187986475,0.0022631036704063856,1.915525756679618,0.4043034415513769,2.1153340630480177,0.6041117479197766
19A,BT2,raw,0.028764705882352942,2.876470588235294,1.4999019001850487,4.481249439033823,0.01844099546433131,1.5114190063792625,0.011517106194213866,1.4841160384325878,-0.015785861752460884,1.5016098373258033,0.0017079371407546784,1.9012687850635042,0.4013668848784555,2.1153340630480177,0.6154321628629691
19A,BT2,raw,0.0305,3.05,1.4897196079940713,4.435851567295801,0.02110601855469555,1.5008183950985408,0.011098787104469432,1.4730459038458183,-0.016673704148252977,1.4908701697457019,0.00115056175163053,1.8870118134473903,0.397292205453319,2.1153340630480177,0.6256144550539464
19A,BT2,raw,0.032235294117647056,3.2235294117647055,1.4805512197325694,4.395367826768149,0.02399208567661618,1.491214372852106,0.010663153119536473,1.4630177870865777,-0.01753343264599172,1.481144548513636,0.0005933287810666599,1.8727548418312765,0.39220362209870707,2.1153340630480177,0.6347828433154483
19A,BT2,raw,0.03397058823529412,3.397058823529412,1.4722921624305443,4.359215728648797,0.02710681487708871,1.4825060532832848,0.010213890852740493,1.4539262097634835,-0.01836595266706076,1.4723303431815522,3.818075100792129e-05,1.8584978702151624,0.38620570778461816,2.1153340630480177,0.6430419006174735
19A,BT2,raw,0.03570588235294118,3.570588235294118,1.4648536691705136,4.32691003363874,0.03045793240241057,1.4746076888107658,0.009754019640252132,1.4456815214261578,-0.019172147744355827,1.464340324116058,-0.0005133450544556606,1.8442408985990486,0.379387229428535,2.1153340630480177,0.6504803938775041
19A,BT2,raw,0.037441176470588235,3.7441176470588236,1.458159726212248,4.298042670721129,0.034053289036260155,1.4674457953977238,0.009286069185475698,1.4382068934463483,-0.019952832765899764,1.4570997375056465,-0.0010599887066016223,1.8299839269829348,0.3718242007706867,2.1153340630480177,0.6571743368357696
19A,BT2,raw,0.0391764705882353,3.9176470588235297,1.4521447568959676,4.272267671562477,0.03790087496187397,1.4609569293050235,0.008812172409055963,1.4314359945631772,-0.020708762332790398,1.450544043636083,-0.0016007132598845342,1.815726955366821,0.3635821984708534,2.1153340630480177,0.6631893061520502
19A,BT2,raw,0.040911764705882356,4.091176470588236,1.4467518032468432,4.249289545708119,0.04200883345665386,1.455085946092836,0.008334142845992876,1.425311170630043,-0.02144063261680018,1.4446171457606283,-0.002134657486214886,1.801469983750707,0.35471818050386394,2.1153340630480177,0.6685822598011746
19A,BT2,raw,0.04264705882352941,4.264705882352941,1.4419310866639103,4.228854221158626,0.046385473669492625,1.4497846215516463,0.007853534887735991,1.419782002766906,-0.02214908389700443,1.439269987163689,-0.00266109950022142,1.7872130121345933,0.3452819254706829,2.1153340630480177,0.6734029763841074
19A,BT2,raw,0.04438235294117647,4.438235294117647,1.4376388566993814,4.21074190527471,0.051039282684572536,1.4450105478723674,0.007371691172985972,1.414804153281297,-0.022834703418084468,1.434459428227216,-0.0031794284721653465,1.7729560405184794,0.33531718381909803,2.1153340630480177,0.6776952063486363
19A,BT2,raw,0.04611764705882353,4.6117647058823525,1.4338364614316794,4.194761401530603,0.05597893703797023,1.4407262416633095,0.006889780231630116,1.4103384330800295,-0.023498028351649936,1.4301473390104873,-0.003689122421192126,1.7586990689023656,0.3248626074706862,2.1153340630480177,0.6814976016163383
19A,BT2,raw,0.04785294117647059,4.785294117647059,1.430489590172143,4.180745542875735,0.06121331382379828,1.4368984168278196,0.006408826655676547,1.4063500414464676,-0.024139548725675475,1.426299859543844,-0.004189730628298971,1.7444420972862515,0.3139525071141085,2.1153340630480177,0.6848444728758747
19A,BT2,raw,0.04958823529411765,4.958823529411765,1.4275676515590516,4.168547490700958,0.06675150150297528,1.4334973870424346,0.005929735483382936,1.4028079413180876,-0.024759710240964017,1.4228867919660078,-0.0046808595930438734,1.7301851256701377,0.3026174741110861,2.1153340630480177,0.6877664114889661
19A,BT2,raw,0.051323529411764705,5.13235294117647,1.4250432590136057,4.158037711475441,0.07260281050900924,1.4304965710718593,0.005453312058253612,1.3996843420822644,-0.02535891693134129,1.4198810972780522,-0.0051621617355535054,1.7159281540540239,0.29088489504041815,2.1153340630480177,0.690290804034412
19A,BT2,raw,0.05305882352941177,5.305882352941177,1.42289180207095,4.149101488769428,0.07877678373030923,1.4278720803913352,0.0049802783203851675,1.3969542684263108,-0.025937533644639243,1.4172584758293048,-0.005633326241645253,1.7016711824379098,0.2787793803669598,2.1153340630480177,0.6924422609770677
19A,BT2,raw,0.054794117647058826,5.479411764705882,1.4210910869525548,4.141636861841178,0.08528320693661194,1.4256023732149197,0.004511286262364855,1.3945951986164036,-0.02649588833615124,1.4149970153584814,-0.00609407159407338,1.687414210821796,0.2663231238692412,2.1153340630480177,0.6942429760954629
19A,BT2,raw,0.056529411764705884,5.652941176470589,1.4196210333853934,4.13555290676412,0.09213211920774096,1.4236679625009279,0.004046929115534503,1.3925867592108636,-0.02703427417452975,1.4130768939461984,-0.0065441394391949625,1.6731572392056822,0.2535362058202888,2.1153340630480177,0.6957130296626244
19A,BT2,raw,0.05826470588235294,5.826470588235294,1.4184634174327795,4.130768294652337,0.0993338234152728,1.4220511681379329,0.003587750705153381,1.3909104659652125,-0.027552951467566977,1.4114801279127054,-0.0069832895200740985,1.6589002675895683,0.24043685015678884,2.1153340630480177,0.6968706456152383
19A,BT2,raw,0.06,6.0,1.4176016522071866,4.127210075575962,0.1068988968016551,1.4207359055284694,0.0031342533212828094,1.3895495027918627,-0.028052149415323857,1.4101903567432874,-0.007411295463899181,1.6446432959734545,0.2270416437662679,2.1153340630480177,0.6977324108408312
19A,BT2,adjusted,0.001,0.1,2.420465399572424,11.251094351095851,0.0003103211837272279,2.4046760573759776,-0.015789342196446565,2.418821536613053,-0.001643862959371134,2.4102595726000002,-0.010205826972423893,2.1288914166704695,-0.2915739829019546,2.1153340630480177,-0.3051313365244064
19A,BT2,adjusted,0.002709648210837285,0.2709648210837285,2.1153340630480177,8.292355473009664,0.0,2.1153340630480177,0.0,2.1153340630480177,0.0,2.1153340630480177,0.0,2.1153340630480177,0.0,2.1153340630480177,0.0
19A,BT2,adjusted,0.002735294117647059,0.2735294117647059,2.1125015347142293,8.268900375474798,3.6044002659421776e-08,2.112637029752546,0.00013549503831677967,2.1125042448230893,2.710108859993454e-06,2.1125857468331755,8.421211894615865e-05,2.115130693357467,0.002629158643237872,2.1153340630480177,0.002832528333788442
19A,BT2,adjusted,0.004470588235294118,0.4470588235294118,1.9669067276398766,7.148529903330299,0.00011742422291616626,1.9735544741019995,0.00664774646212285,1.966534328173879,-0.0003723994659976526,1.9708911972967118,0.003984469656835188,2.1013699700444644,0.13446324240458774,2.1153340630480177,0.14842733540814113
19A,BT2,adjusted,0.0062058823529411765,0.6205882352941177,1.872730155786622,6.506034662339254,0.0003770129255186769,1.8829979999019308,0.010267844115308788,1.8714347870409926,-0.0012953687456294105,1.8786821367112312,0.005951980924609135,2.087609246731462,0.21487909094483992,2.1153340630480177,0.2426039072613957
19A,BT2,adjusted,0.007941176470588236,0.7941176470588236,1.8040683236829083,6.074309521064574,0.0007450453628710155,1.816649153842473,0.012580830159564682,1.8017119714469294,-0.0023563522359788536,1.8111596176084657,0.007091293925557407,2.0738485234184596,0.26978019973555134,2.1153340630480177,0.3112657393651095
19A,BT2,adjusted,0.009676470588235293,0.9676470588235293,1.7507069777114264,5.758672490300265,0.0012245415189099911,1.7648609276800444,0.014153949968618074,1.7472526745548385,-0.003454303156587901,1.7584860253852932,0.007779047673866835,2.060087800105457,0.3093808223940304,2.1153340630480177,0.3646270853365914
19A,BT2,adjusted,0.011411764705882354,1.1411764705882355,1.7077725165541844,5.516659513757013,0.0018103883594236616,1.7228108594513747,0.015038342897190304,1.703001382109631,-0.004771134444553349,1.7157436182396606,0.007971101685476212,2.0463270767924544,0.33855456023827,2.1153340630480177,0.40756154649383336
19A,BT2,adjusted,0.013147058823529411,1.3147058823529412,1.6718224951754042,5.3218580248769145,0.0025166393700576037,1.6877392293088453,0.01591673413344119,1.6660650039768041,-0.005757491198600029,1.6801181535266745,0.00829565835127033,2.032566353479452,0.36074385830404787,2.1153340630480177,0.4435115678726136
19A,BT2,adjusted,0.014882352941176472,1.488235294117647,1.6418440471126183,5.164684658181118,0.0033602221146143926,1.6579182054719201,0.016074158359301816,1.634632204029803,-0.007211843082815417,1.649847665442421,0.008003618329802675,2.018805630166449,0.3769615830538309,2.1153340630480177,0.4734900159353994
19A,BT2,adjusted,0.01661764705882353,1.6617647058823528,1.6155407177189895,5.030607326706563,0.00431920589036812,1.6321939977478426,0.016653280028853024,1.6074934282199471,-0.008047289499042432,1.6237555721245136,0.008214854405524052,2.005044906853447,0.3895041891344573,2.1153340630480177,0.4997933453290282
19A,BT2,adjusted,0.01835294117647059,1.835294117647059,1.5927758100376124,4.917379713306449,0.005425499131664573,1.6097577733675519,0.01698196332993951,1.5838007499094298,-0.00897506012818261,1.601017065098992,0.008241255061379738,1.9912841835404445,0.3985083735028321,2.1153340630480177,0.5225582530104054
19A,BT2,adjusted,0.02008823529411765,2.008823529411765,1.5729807594603291,4.820997030442539,0.006679366675360506,1.5900205528068763,0.01703979334654715,1.562936720026434,-0.010044039433895202,1.5810315332151037,0.008050773754774587,1.9775234602274419,0.40454270076711274,2.1153340630480177,0.5423533035876886
19A,BT2,adjusted,0.021823529411764707,2.182352941176471,1.5554482537405812,4.73720952119121,0.008085517095920026,1.5725401347733317,0.0170918810327505,1.544437760697291,-0.01101049304329016,1.5633480437710217,0.007899790030440501,1.9637627369144393,0.4083144831738581,2.1153340630480177,0.5598858093074366
19A,BT2,adjusted,0.023558823529411764,2.3558823529411765,1.5398720026804964,4.66399325414595,0.009657755405100528,1.5569760668937265,0.017104064213230075,1.5279469598890012,-0.0119250427914952,1.5476194234851657,0.0077474208046692805,1.9500020136014369,0.4101300109209405,2.1153340630480177,0.5754620603675213
19A,BT2,adjusted,0.025294117647058825,2.5294117647058822,1.5260463876068262,4.59995438714032,0.011381057715155487,1.5430606614008389,0.017014273794012658,1.5131836864259953,-0.012862701180830882,1.5335727014939122,0.0075263138870860224,1.9362412902884343,0.4101949026816081,2.1153340630480177,0.5892876754411915
19A,BT2,adjusted,0.027029411764705885,2.7029411764705884,1.513923056300503,4.544524293706811,0.01329229486830915,1.5305796492505204,0.016656592950017313,1.4999233092148125,-0.013999747085690517,1.5209893812219926,0.0070663249214895085,1.9224805669754317,0.4085575106749286,2.1153340630480177,0.6014110067475147
19A,BT2,adjusted,0.028764705882352942,2.876470588235294,1.5025214995627556,4.493003906551673,0.015361850876304992,1.5193588651846468,0.016837365621891198,1.4879832388602747,-0.014538260702480876,1.5096918623620348,0.007170362799279184,1.9087198436624293,0.4061983440996737,2.1153340630480177,0.6128125634852621
19A,BT2,adjusted,0.0305,3.05,1.4932665671740968,4.451613288299413,0.0176653128268283,1.5092548394300105,0.015988272255913705,1.4772130647058925,-0.01605350246820425,1.4995338466798749,0.0062672795057781006,1.8949591203494267,0.4016925531753299,2.1153340630480177,0.622067495873921
19A,BT2,adjusted,0.032235294117647056,3.2235294117647055,1.484262613494967,4.411711076862161,0.02011150649156101,1.5001479964910012,0.015885382996034147,1.467487424955927,-0.01677518853903992,1.4903934024263101,0.006130788931343112,1.881198397036424,0.3969357835414571,2.1153340630480177,0.6310714495530507
19A,BT2,adjusted,0.03397058823529412,3.397058823529412,1.4764741984002372,4.377484298909071,0.022789912388423976,1.4919376394513704,0.015463441051133175,1.4587007485912808,-0.017773449808956343,1.4821678495371997,0.005693651136962519,1.8674376737234217,0.39096347532318454,2.1153340630480177,0.6388598646477806
19A,BT2,adjusted,0.03570588235294118,3.570588235294118,1.4692478564405604,4.345965121779034,0.025645675061080217,1.484538185247374,0.01529032880681358,1.4507633087099607,-0.01848454773059971,1.4747699205224651,0.0055220640819046984,1.8536769504104191,0.3844290939698587,2.1153340630480177,0.6460862066074573
19A,BT2,adjusted,0.037441176470588235,3.7441176470588236,1.4628992568988686,4.318461725997942,0.028721408272146563,1.4778762942339212,0.014977037335052623,1.4435982133772405,-0.019301043521628092,1.468124833318151,0.005225576419282341,1.8399162270974165,0.37701697019854796,2.1153340630480177,0.6524348061491492
19A,BT2,adjusted,0.0391764705882353,3.9176470588235297,1.4571354789724236,4.293642666109949,0.03200610684009967,1.4718886506484865,0.014753171676062937,1.437139078828198,-0.019996400144225657,1.4621680278971436,0.005032548924720048,1.8261555037844142,0.3690200248119906,2.1153340630480177,0.6581985840755942
19A,BT2,adjusted,0.040911764705882356,4.091176470588236,1.4518848538258151,4.271157440360623,0.03549856435100952,1.4665202245199733,0.014635370694158212,1.4313282073809925,-0.02055664644482258,1.4568433938375773,0.004958540011762214,1.8123947804714116,0.36050992664559645,2.1153340630480177,0.6634492092222026
19A,BT2,adjusted,0.04264705882352941,4.264705882352941,1.4471186668303917,4.250848741286944,0.03921067195788423,1.4617228949040089,0.014604228073617165,1.4261151441376347,-0.02100352269275696,1.4521018663570326,0.004983199526640947,1.798634057158409,0.35151539032801726,2.1153340630480177,0.668215396217626
19A,BT2,adjusted,0.04438235294117647,4.438235294117647,1.4425732567879654,4.231570737137787,0.0431434257069137,1.4574543478988355,0.014881091110870104,1.4214555217440812,-0.021117735043884256,1.4479003025566728,0.00532704576870735,1.7848733338454066,0.34230007705744114,2.1153340630480177,0.6727608062600523
19A,BT2,adjusted,0.04611764705882353,4.6117647058823525,1.4391153873625462,4.216963787081774,0.047379444583582495,1.4536771861552118,0.014561798792665614,1.4173101268647343,-0.02180526049781184,1.4442005733382621,0.0050851859757159446,1.771112610532404,0.3319972231698578,2.1153340630480177,0.6762186756854716
19A,BT2,adjusted,0.04785294117647059,4.785294117647059,1.435783389921552,4.202936257359064,0.05182577608351283,1.4503582029724102,0.014574813050858282,1.4136441391966104,-0.022139250724941606,1.4409688231593347,0.005185433237782755,1.7573518872194014,0.3215684972978494,2.1153340630480177,0.6795506731264658
19A,BT2,adjusted,0.04958823529411765,4.958823529411765,1.4330226705508877,4.191349131580341,0.05655314030123531,1.4474677857789429,0.014445115228055139,1.4104265061206955,-0.02259616443019219,1.438174861729601,0.00515219117871335,1.743591163906399,0.3105684933555113,2.1153340630480177,0.68231139249713
19A,BT2,adjusted,0.051323529411764705,5.13235294117647,1.4306984767546147,4.181618935741221,0.06155313411545635,1.4449794222789085,0.01428094552429382,1.407629424980182,-0.023069051774432747,1.435791660401563,0.005093183646948329,1.7298304405933964,0.2991319638387817,2.1153340630480177,0.684635586293403
19A,BT2,adjusted,0.05305882352941177,5.305882352941177,1.4287072558768625,4.1733006932910435,0.0668219100890452,1.4428692887687584,0.014162032891895882,1.4052279114999404,-0.023479344376922118,1.4337949323551764,0.005087676478313874,1.7160697172803938,0.2873624614035313,2.1153340630480177,0.6866268071711552
19A,BT2,adjusted,0.054794117647058826,5.479411764705882,1.4270866756533118,4.1665430018900524,0.0723787962614603,1.4411159047494906,0.014029229096178764,1.403199437705093,-0.023887237948218898,1.4321627803879042,0.005076104734592413,1.7023089939673914,0.2752223183140796,2.1153340630480177,0.6882473873947059
19A,BT2,adjusted,0.056529411764705884,5.652941176470589,1.4258110061153715,4.1612312586388835,0.07823131683152493,1.4396998414262523,0.01388883531088081,1.401523626331025,-0.024287379784346586,1.4308753996569743,0.0050643935416028185,1.6885482706543888,0.26273726453901736,2.1153340630480177,0.6895230569326463
19A,BT2,adjusted,0.05826470588235294,5.826470588235294,1.4248105442431371,4.157070187266769,0.08439427254544726,1.4386034743150657,0.01379293007192861,1.4001819914719351,-0.024628552771202017,1.4299148254003184,0.005104281157181312,1.6747875473413865,0.24997700309824933,2.1153340630480177,0.6905235188048806
19A,BT2,adjusted,0.06,6.0,1.4240596884984424,4.153949998787875,0.09087473322929186,1.437810772186808,0.01375108368836564,1.399157717322563,-0.024901971175879334,1.4292647177127984,0.0052050292143559496,1.6610268240283839,0.23696713552994142,2.1153340630480177,0.6912743745495753
BT2,19A,raw,0.001,0.1,2.4461637655789836,11.543976266800382,0.06551079689406394,2.451189599668682,0.005025834089698478,2.4120347998885454,-0.03412896569043822,2.426407866499242,-0.019755899079741734,4.165509258496466,1.7193454929174825,1.548190461706214,-0.8979733038727695
BT2,19A,raw,0.002735294117647059,0.2735294117647059,2.1370420626052784,8.474333970318227,0.04640618862029425,2.144892082505551,0.007850019900272454,2.119062047458614,-0.017980015146664474,2.12840586535059,-0.008636197254688227,3.97300007351109,1.8359580109058116,1.548190461706214,-0.5888516008990643
BT2,19A,raw,0.004470588235294118,0.4470588235294118,1.9906839100431033,7.320538640568445,0.03613411485417163,1.9987789644750376,0.008095054431934257,1.9792991217829363,-0.011384788260166978,1.9862655180319466,-0.00441839201115668,3.780490888525714,1.7898069784826105,1.548190461706214,-0.4424934483368892
BT2,19A,raw,0.0062058823529411765,0.6205882352941177,1.8957917444805477,6.657817608770208,0.028645594828310403,1.9034836423011212,0.007691897820573557,1.8881413044252924,-0.007650440055255281,1.8935716839697962,-0.0022200605107514093,3.5879817035403376,1.69218995905979,1.548190461706214,-0.34760128277433355
BT2,19A,raw,0.007941176470588236,0.7941176470588236,1.82649015017174,6.212045005390509,0.022669756911079975,1.8335381650562805,0.007048014884540432,1.8212295333479582,-0.005260616823781872,1.8255437134964907,-0.0009464366752494069,3.3954725185549615,1.5689823683832214,1.548190461706214,-0.278299688465526
BT2,19A,raw,0.009676470588235293,0.9676470588235293,1.7725341834816406,5.885750048491036,0.017722697212655198,1.7788395136371113,0.006305330155470745,1.7689006802954157,-0.0036335031862249068,1.7723512374698522,-0.00018294601178836523,3.202963333569585,1.4304291500879442,1.548190461706214,-0.2243437217754265
BT2,19A,raw,0.011411764705882354,1.1411764705882355,1.7288120236226439,5.633956923549799,0.01356899636407123,1.7343372606896774,0.0055252370670335615,1.7263242159826384,-0.002487807640005446,1.729080124910166,0.0002681012875220823,3.0104541485842087,1.2816421249615648,1.548190461706214,-0.18062156191642975
BT2,19A,raw,0.013147058823529411,1.3147058823529412,1.6924034756334454,5.432521960844139,0.010077427644168024,1.6971412220218687,0.004737746388423281,1.6907357960410188,-0.0016676795924266408,1.69291818982862,0.0005147141951746814,2.8179449635988325,1.125541487965387,1.548190461706214,-0.1442130139272313
BT2,19A,raw,0.014882352941176472,1.488235294117647,1.6614832940549331,5.267117737483158,0.00716845755329284,1.6654418763430412,0.003958582288108081,1.6604046863080648,-0.0010786077468682986,1.6621047454520832,0.0006214513971500857,2.625435778613456,0.9639524845585228,1.548190461706214,-0.11329283234871901
BT2,19A,raw,0.01661764705882353,1.6617647058823528,1.6348345490335496,5.128609393447263,0.004791285723305741,1.6380308773824481,0.0031963283488984917,1.6341751521259553,-0.0006593969075943118,1.6354640562157172,0.0006295071821675879,2.43292659362808,0.7980920445945305,1.548190461706214,-0.08664408732733553
BT2,19A,raw,0.01835294117647059,1.835294117647059,1.6116054227732353,5.010849305438936,0.0029124646927612546,1.6140611414151336,0.002455718641898308,1.6112369917954708,-0.00036843097776451117,1.6121718997742984,0.0005664770010631592,2.2404174086427036,0.6288119858694683,1.548190461706214,-0.06341496106702116
BT2,19A,raw,0.02008823529411765,2.008823529411765,1.5911765002221905,4.909521585130518,0.0015097197004117508,1.5929158296785861,0.0017393294563956552,1.5910002235740337,-0.00017627664815678123,1.5916280851727833,0.00045158495059283155,2.047908223657327,0.45673172343513646,1.548190461706214,-0.04298603851597638
BT2,19A,raw,0.021823529411764707,2.182352941176471,1.5730833576170749,4.8214916812262345,0.0005683496948912645,1.5741318192593083,0.0010484616422334891,1.5730218886841036,-6.146893297120926e-05,1.5733819890139071,0.0002986313968322829,1.8553990386719512,0.28231568105487637,1.548190461706214,-0.024892895910860746
BT2,19A,raw,0.023558823529411764,2.3558823529411765,1.5569688866513365,4.744418557654191,7.901269788012426e-05,1.5573525453387758,0.0003836586874392811,1.556960946834951,-7.939816385471588e-06,1.5570866703443234,0.00011778369298687252,1.662889853686575,0.10592096703523857,1.548190461706214,-0.008778424945122376
BT2,19A,raw,0.024592733574879642,2.459273357487964,1.5481904618179994,4.702952306437315,1.0786638948474273e-17,1.548190461706214,-1.1178524772503806e-10,1.548190461706214,-1.1178524772503806e-10,1.548190461706214,-1.1178524772503806e-10,1.548190461706214,-1.1178524772503806e-10,1.548190461706214,-1.1178524772503806e-10
BT2,19A,raw,0.025294117647058825,2.5294117647058822,1.5425526417205058,4.676512508850045,3.63009136282104e-05,1.5422976468502363,-0.000254994870269476,1.5425492435250203,-3.3981954854489516e-06,1.5424693354802372,-8.33062402685325e-05,1.4703806687011987,-0.07217197301930711,1.548190461706214,0.005637819985708337
BT2,19A,raw,0.027029411764705885,2.7029411764705884,1.5296103903337699,4.61637788643361,0.0004377897292406981,1.528742706153254,-0.0008676841805159707,1.5295721318626556,-3.825847111427194e-05,1.5293116244449172,-0.0002987658888526923,1.2778714837158223,-0.2517389066179476,1.548190461706214,0.018580071372444218
BT2,19A,raw,0.028764705882352942,2.876470588235294,1.5179600935845543,4.562907790181782,0.0012833833341624158,1.5165053047235535,-0.0014547888610008108,1.5178551353991547,-0.00010495818539957291,1.517436042972073,-0.000524050612481286,1.085362298730446,-0.4325977948541082,1.548190461706214,0.0302303681216598
BT2,19A,raw,0.0305,3.05,1.507451906680731,4.515210944877811,0.0025748527767935738,1.5054351701367843,-0.00201673654394674,1.5072545241184332,-0.00019738256229784312,1.5066963753919718,-0.0007555312887592702,0.89285311374507,-0.614598792935661,1.548190461706214,0.04073855502548307
BT2,19A,raw,0.032235294117647056,3.2235294117647055,1.4979610858366061,4.472560600262473,0.004315502780714686,1.4954070533775436,-0.002554032459062494,1.497650501871998,-0.0003105839646080355,1.4969707541599055,-0.0009903316767005954,0.700343928759694,-0.7976171570769122,1.548190461706214,0.05022937586960796
BT2,19A,raw,0.03397058823529412,3.397058823529412,1.489382668536403,4.43435720564326,0.006509927068108138,1.4863154760544495,-0.00306719248195364,1.4889421823031772,-0.00044048623322590075,1.4881565488278217,-0.0012261197085814413,0.5078347437743171,-0.981547924762086,1.548190461706214,0.058807793169810996
BT2,19A,raw,0.03570588235294118,3.570588235294118,1.4816275194386608,4.400101106625195,0.009163825982945635,1.4780707877171237,-0.003556731721537032,1.4810438178306582,-0.0005837016080025847,1.4801665297623277,-0.0014609896763331243,0.315325558788941,-1.1663019606497198,1.548190461706214,0.06656294226755333
BT2,19A,raw,0.037441176470588235,3.7441176470588236,1.474619312137131,4.369372089355002,0.012283868907251538,1.470596159737314,-0.004023152399816876,1.473881924417616,-0.0007373877195149259,1.4729259431519164,-0.0016933689852145495,0.12281637380356503,-1.351802938333566,1.548190461706214,0.07357114956908317
BT2,19A,raw,0.0391764705882353,3.9176470588235297,1.4682921970754268,4.341813843429819,0.015877589504717404,1.4638252608541429,-0.0044669362212839125,1.467393058324916,-0.0008991387505108417,1.4663702492823525,-0.0019219477930743079,-0.06969281118181181,-1.5379850082572386,1.548190461706214,0.07989826463078731
BT2,19A,raw,0.040911764705882356,4.091176470588236,1.4625889766467386,4.3171220004607225,0.01995330544534374,1.4577004369210087,-0.00488853972572989,1.461522075112728,-0.001066901534010567,1.4604433514068982,-0.0021456252398404096,-0.262201996167188,-1.7247909728139266,1.548190461706214,0.08560148505947551
BT2,19A,raw,0.04264705882352941,4.264705882352941,1.457459660689865,4.295034812205492,0.02452005668239669,1.4521712690578714,-0.005288391631993683,1.456220750571539,-0.0012389101183261086,1.4550961928099586,-0.002363467879906489,-0.45471118115256415,-1.9121708418424292,1.548190461706214,0.090730801016349
BT2,19A,raw,0.04438235294117647,4.438235294117647,1.4528603110821023,4.275325804578607,0.029587558000817887,1.4471934195722629,-0.005666891509839456,1.4514466768922596,-0.0014136341898427496,1.450285633873486,-0.0025746772086163716,-0.6472203661379399,-2.100080677220042,1.548190461706214,0.09533015062411176
BT2,19A,raw,0.04611764705882353,4.6117647058823525,1.4487521087047477,4.257797929625014,0.03516616270009412,1.4427276993709952,-0.0060244093337524784,1.447162370683202,-0.0015897380215457169,1.445973544656757,-0.002778564047990706,-0.839729551123316,-2.2884816598280637,1.548190461706214,0.09943835300146642
BT2,19A,raw,0.04785294117647059,4.785294117647059,1.4451005718852759,4.2422787753407585,0.04126683508208165,1.4387393077374333,-0.006361264147842549,1.4433345458477118,-0.001766026037564039,1.4421260651901138,-0.0029745066951620824,-1.032238736108693,-2.4773393079939687,1.548190461706214,0.10308988982093825
BT2,19A,raw,0.04958823529411765,4.958823529411765,1.4418750180975644,4.2286171220121265,0.04790112999303515,1.4351972076090533,-0.006677810488511016,1.4399335160623268,-0.0019415020352375745,1.4387129976122774,-0.0031620204852869094,-1.2247479210940688,-2.666622939191633,1.548190461706214,0.10631544360864975
BT2,19A,raw,0.051323529411764705,5.13235294117647,1.4390479185364131,4.216679283082898,0.055081178089509485,1.4320736083732304,-0.006974310163182729,1.4369327000917516,-0.0021152184446615596,1.4357073029243217,-0.0033406156120914243,-1.417257106079445,-2.856305024615858,1.548190461706214,0.10914254316980099
BT2,19A,raw,0.05305882352941177,5.305882352941177,1.436594553860075,4.20634691079947,0.06281967580757322,1.4293435347172765,-0.007251019142798576,1.4343082094112276,-0.002286344448847455,1.4330846814755742,-0.003509872384500845,-1.609766291064822,-3.046360844924897,1.548190461706214,0.11159590784613904
BT2,19A,raw,0.054794117647058826,5.479411764705882,1.434492631879411,4.197514783242637,0.0711298792458347,1.4269844649073695,-0.007508166972041375,1.4320385022348119,-0.0024541296445990124,1.4308232210047511,-0.003669410874659773,-1.8022754760501982,-3.236768107929609,1.548190461706214,0.11369782982680321
BT2,19A,raw,0.056529411764705884,5.652941176470589,1.4327219805829103,4.190089024404472,0.08002560134645678,1.4249760255018296,-0.00774595508108078,1.43010409152082,-0.0026178890620902617,1.428903099592468,-0.0038188809904422527,-1.994784661035574,-3.4275066416184843,1.548190461706214,0.11546848112330377
BT2,19A,raw,0.05826470588235294,5.826470588235294,1.4312642978411119,4.1839856534169995,0.08952121189092704,1.4232997322561787,-0.007964565584933192,1.4284872971578253,-0.002777000683286568,1.4273063335589755,-0.00395796428213635,-2.18729384602095,-3.618558143862062,1.548190461706214,0.11692616386510224
BT2,19A,raw,0.06,6.0,1.4301029235315392,4.179129300535088,0.09963163992933458,1.421938769082829,-0.008164154448710326,1.4271720345483616,-0.0029308889831776153,1.426016562389557,-0.004086361141982131,-2.3798030310063263,-3.8099059545378653,1.548190461706214,0.11808753817467488
BT2,19A,adjusted,0.001,0.1,2.4390214129251535,11.461818865102517,0.02237169864189985,2.448053732971,0.009032320045846642,2.4043651933692307,-0.034656219555922796,2.419387302953202,-0.019634109971951474,4.164208008163303,1.7251865952381498,1.548190461706214,-0.8908309512189394
BT2,19A,adjusted,0.002735294117647059,0.2735294117647059,2.130574138594429,8.419699498426862,0.017425056557065825,2.141736441181037,0.011162302586607886,2.112326165745799,-0.018247972848630223,2.1217134771863773,-0.008860661408051751,3.9717945328184214,1.8412203942239924,1.548190461706214,-0.5823836768882149
BT2,19A,adjusted,0.004470588235294118,0.4470588235294118,1.9848012526978498,7.2776008381767765,0.014291953982890803,1.9957665245318261,0.010965271833976331,1.9732436100952522,-0.011557642602597618,1.9800189276499136,-0.004782325047936187,3.779381057473539,1.7945798047756893,1.548190461706214,-0.4366107909916357
BT2,19A,adjusted,0.0062058823529411765,0.6205882352941177,1.8904612027587415,6.622422256244429,0.011750703120657478,1.90066698339894,0.010205780640198503,1.8826871358951838,-0.007774066863557749,1.887809867064433,-0.002651335694308532,3.586967582128657,1.6965063793699153,1.548190461706214,-0.3422707410525274
BT2,19A,adjusted,0.007941176470588236,0.7941176470588236,1.8216934958373294,6.182319321698368,0.009565069787177392,1.830944167804877,0.009250671967547586,1.8163382898357257,-0.005355206001603774,1.8202873479616672,-0.0014061478756621781,3.3945541067837746,1.5728606109464451,1.548190461706214,-0.2735030341311153
BT2,19A,adjusted,0.009676470588235293,0.9676470588235293,1.7682596445184537,5.86064487532775,0.0076515093807166396,1.7764848709127858,0.008225226394332097,1.7645500636732974,-0.0037095808451563794,1.7676137557384948,-0.0006458887799589696,3.2021406314388923,1.4338809869204385,1.548190461706214,-0.22006918281223964
BT2,19A,adjusted,0.011411764705882354,1.1411764705882355,1.7250512280151065,5.612808555369873,0.0059728675417694155,1.7322335784675784,0.007182350452471953,1.7224999954446276,-0.0025512325704788452,1.7248713485928622,-0.000179879422244289,3.0097271560940104,1.284675928078904,1.548190461706214,-0.17686076630889236
BT2,19A,adjusted,0.013147058823529411,1.3147058823529412,1.6891501280926475,5.414876797370521,0.004510871777946177,1.6952972003347517,0.006147072242104201,1.6874283653020985,-0.0017217627905490307,1.6892458838798763,9.575578722875733e-05,2.817313680749128,1.1281635526564806,1.548190461706214,-0.14095966638643342
BT2,19A,adjusted,0.014882352941176472,1.488235294117647,1.6587324198273878,5.252648469737985,0.003256400978681602,1.6638644003877505,0.005131980560362681,1.6576073414651733,-0.0011250783622145377,1.6589753957956228,0.0002429759682349708,2.624900205404246,0.966167785576858,1.548190461706214,-0.11054195812117373
BT2,19A,adjusted,0.01661764705882353,1.6617647058823528,1.6325820843579384,5.117070382439549,0.0022053344619910376,1.6367256245778947,0.004143540219956332,1.6318831337410957,-0.000698950616842664,1.6328833024777154,0.0003012181197770136,2.432486730059364,0.7999046457014256,1.548190461706214,-0.08439162265172429
BT2,19A,adjusted,0.01835294117647059,1.835294117647059,1.6098479336819929,5.0020505265904704,0.0013565414278070144,1.6130329462673771,0.0031850125853842837,1.6094469093608046,-0.00040102432118827025,1.6101447954521935,0.0002968617702006071,2.2400732547144813,0.6302253210324884,1.548190461706214,-0.061657471975778755
BT2,19A,adjusted,0.02008823529411765,2.008823529411765,1.5899110205977334,4.903312615089847,0.0007108129906981454,1.592168916384381,0.002257895786647701,1.589709688800129,-0.00020133179760439823,1.590159263568305,0.0002482429705716882,2.047659779369599,0.4577487587718656,1.548190461706214,-0.041720558891519266
BT2,19A,adjusted,0.021823529411764707,2.182352941176471,1.5723072585606601,4.817751177770276,0.0002702537351785314,1.5736699570552382,0.0013626984945780407,1.5722292707665846,-7.798779407552914e-05,1.5724757741242232,0.0001685155635631208,1.855246304024717,0.2829390454640568,1.548190461706214,-0.02411679685444601
BT2,19A,adjusted,0.023558823529411764,2.3558823529411765,1.5566797848443532,4.74304713592589,3.791559433610922e-05,1.5571791562469481,0.0004993714025949281,1.5566652028869792,-1.45819573740269e-05,1.556747153838367,6.736899401382779e-05,1.6628328286798348,0.10615304383548163,1.548190461706214,-0.008489323138139104
BT2,19A,adjusted,0.024592733574879642,2.459273357487964,1.548190461706214,4.7029523059115945,0.0,1.548190461706214,0.0,1.548190461706214,0.0,1.548190461706214,0.0,1.548190461706214,0.0,1.548190461706214,0.0
BT2,19A,adjusted,0.025294117647058825,2.5294117647058822,1.5427173718274079,4.677282934709982,1.88994350945845e-05,1.5424158827839425,-0.0003014890434653861,1.5427497973940916,3.2425566683702556e-05,1.5427004318471136,-1.6939980294283785e-05,1.4704193533349526,-0.07229801849245532,1.548190461706214,0.0054730898788062365
BT2,19A,adjusted,0.027029411764705885,2.7029411764705884,1.5301899677790038,4.6190542104288586,0.00022956481768693447,1.52915550557276,-0.0010344622062439246,1.5302687852437733,7.881746476945395e-05,1.5301171115751944,-7.285620380947933e-05,1.2780058779900703,-0.2521840897889336,1.548190461706214,0.01800049392721026
BT2,19A,adjusted,0.028764705882352942,2.876470588235294,1.5189442833055544,4.567400767735244,0.0006774485550769703,1.5172154352182219,-0.0017288480873325351,1.5190480011778997,0.00010371787234531027,1.5188195927152364,-0.00012469059031805507,1.0855924026451882,-0.43335188066036623,1.548190461706214,0.029246178400659684
BT2,19A,adjusted,0.0305,3.05,1.5088357753613801,4.521463729409403,0.0013676682532861345,1.5064452610638401,-0.002390514297540003,1.5089439754232634,0.00010820006188327902,1.5086615770330765,-0.00017419832830367632,0.8931789273003061,-0.615656848061074,1.548190461706214,0.03935468634483397
BT2,19A,adjusted,0.032235294117647056,3.2235294117647055,1.4997435219975774,4.480539763070142,0.0023057593797850217,1.4967196213138745,-0.0030239006837029514,1.499837132484254,9.361048667666516e-05,1.4995211327795117,-0.00022238921806572165,0.7007654519554241,-0.7989780700421534,1.548190461706214,0.04844693970863667
BT2,19A,adjusted,0.03397058823529412,3.397058823529412,1.4915624355509753,4.4440336135369645,0.003497617257840561,1.4879329449492282,-0.0036294906017471096,1.4916267754446233,6.433989364795778e-05,1.4912955798904013,-0.0002668556605740502,0.5083519766105413,-0.983210458940434,1.548190461706214,0.056628026155238764
BT2,19A,adjusted,0.03570588235294118,3.570588235294118,1.4842034308635106,4.411449987917448,0.004949474011883058,1.479995505067908,-0.004207925795602696,1.4842273212406267,2.3890377116142503e-05,1.4838976508756665,-0.00030577998784409033,0.31593850126565926,-1.1682649295978513,1.548190461706214,0.06398703084270352
BT2,19A,adjusted,0.037441176470588235,3.7441176470588236,1.4777805690973196,4.383206653068184,0.006670689757789332,1.4728304097351876,-0.004950159362131945,1.477565430227174,-0.00021513887014568134,1.4772525636713523,-0.000528005425967315,0.12352502592077719,-1.3542555431765424,1.548190461706214,0.07040989260889452
BT2,19A,adjusted,0.0391764705882353,3.9176470588235297,1.472035382441908,4.358096512985774,0.008670334194639629,1.466371275186145,-0.005664107255762829,1.471577786641739,-0.00045759580016890844,1.4712957582503452,-0.0007396241915627044,-0.06888844942410555,-1.5409238318660134,1.548190461706214,0.0761550792643062
BT2,19A,adjusted,0.040911764705882356,4.091176470588236,1.4668420586069502,4.335522175150162,0.010949523530953933,1.46056040373894,-0.006281654868010245,1.4662093605132263,-0.0006326980937239046,1.465971124190779,-0.000870934416171254,-0.2613019247689876,-1.7281439833759378,1.548190461706214,0.08134840309926394
BT2,19A,adjusted,0.04264705882352941,4.264705882352941,1.4621390996890202,4.3151802635531515,0.013512479031616568,1.4553473404955821,-0.006791759193438107,1.4614120308972618,-0.000727068791758434,1.4612295967102344,-0.0009095029787857811,-0.45371540011386946,-1.9158544998028897,1.548190461706214,0.08605136201719388
BT2,19A,adjusted,0.04438235294117647,4.438235294117647,1.457989840828354,4.297312558111507,0.01637298114507732,1.4506877181020288,-0.007302122726325244,1.4571434838920885,-0.0008463569362655576,1.4570280329098744,-0.0009618079184796624,-0.6461288754587518,-2.104118716287106,1.548190461706214,0.09020062087786007
BT2,19A,adjusted,0.04611764705882353,4.6117647058823525,1.4540393993366059,4.280369764071295,0.019517657577628727,1.4465423232226815,-0.007497076113924361,1.4533663221484647,-0.0006730771881411357,1.4533283036914637,-0.0007110956451421568,-0.8385423508036336,-2.2925817501402395,1.548190461706214,0.09415106236960824
BT2,19A,adjusted,0.04785294117647059,4.785294117647059,1.450566881934323,4.265531882887725,0.022981208619683356,1.4428763355545575,-0.007690546379765406,1.450047338965663,-0.0005195429686599695,1.4500965535125363,-0.0004703284217866255,-1.0309558261485163,-2.4815227080828395,1.548190461706214,0.09762357977189118
BT2,19A,adjusted,0.04958823529411765,4.958823529411765,1.4476719306071335,4.253201232630021,0.026771820482623082,1.439658702478643,-0.00801322812849059,1.4471569217721956,-0.0005150088349379356,1.4473025920828022,-0.00036933852433129744,-1.2233693014933982,-2.6710412321005315,1.548190461706214,0.1005185310990806
BT2,19A,adjusted,0.051323529411764705,5.13235294117647,1.445216914962547,4.242772363820368,0.030892537740594046,1.4368616213381291,-0.008355293624417781,1.4446685582721612,-0.0005483566903856651,1.4449193907547646,-0.00029752420778228483,-1.4157827768382805,-2.8609996918008274,1.548190461706214,0.10297354674366721
BT2,19A,adjusted,0.05305882352941177,5.305882352941177,1.4431052077299937,4.233822323991445,0.0353510738843132,1.4344601078578878,-0.008645099872105932,1.442558424762011,-0.0005467829679828284,1.4429226627083778,-0.0001825450216159652,-1.6081962521831632,-3.051301459913157,1.548190461706214,0.10508525397622037
BT2,19A,adjusted,0.054794117647058826,5.479411764705882,1.4413687593892108,4.226476889571182,0.04015763382691557,1.4324316340630405,-0.008937125326170303,1.4408050407427433,-0.000563718646467537,1.4412905107411058,-7.824864810501708e-05,-1.800609727528045,-3.241978486917256,1.548190461706214,0.10682170231700328
BT2,19A,adjusted,0.056529411764705884,5.652941176470589,1.4399512719111114,4.220490155566395,0.04532133812715107,1.4307558226889723,-0.009195449222139107,1.4393889774195052,-0.0005622944916061634,1.4400031300101757,5.185809906427252e-05,-1.9930232028729273,-3.4329744747840385,1.548190461706214,0.10823918979510272
BT2,19A,adjusted,0.05826470588235294,5.826470588235294,1.4388432908777449,4.215816522149231,0.0508522697264349,1.4294141878298825,-0.009429103047862375,1.4382926103083187,-0.0005506805694261985,1.4390425557535202,0.00019926487577537344,-2.185436678217809,-3.624279969095554,1.548190461706214,0.10934717082846923
BT2,19A,adjusted,0.06,6.0,1.4380301769708528,4.212389976380964,0.05676069003192433,1.4283899136805105,-0.009640263290342288,1.4374999081800608,-0.0005302687907919879,1.4383924480660002,0.00036227109514741507,-2.377850153562691,-3.8158803305335436,1.548190461706214,0.11016028473536132
