Vcem_fraction,Vcem_percent,lnCn,Cn,delta_data_objective,beta_raw_projection,beta_raw_eigen,beta_adjusted_projection,beta_adjusted_eigen,raw_lambda_min,raw_lambda_max,adjusted_lambda_min,adjusted_lambda_max,raw_spectral_ratio,adjusted_spectral_ratio,raw_rho,adjusted_rho,raw_angular_independence,adjusted_angular_independence,raw_condition,adjusted_condition,retention_min,retention_max,beta_Vp_median,beta_Vp_q25,beta_Vp_q75,beta_Vs_median,beta_Vs_q25,beta_Vs_q75,strong_coordinate_angle_to_20p3_deg,a_c,m_N,m_T,m_G,m_N_minus_m_G,beta_endpoint_K,beta_endpoint_G,endpoint_log_jacobian_det
0.001,0.1,1.0986122886681098,3.0,2427.638353817623,307.3155634101082,307.3229787817646,307.2647647962181,307.3161425795024,0.0009468450353153912,20886.220298375738,0.00041500492484525253,1320.9938521833728,4.533347928868799e-08,3.141611326648657e-07,0.9999879127579503,0.9999162480518584,2.417433799795088e-05,0.00016749688189432455,4696.674622429889,1784.1188139207823,0.06324692900841453,0.4383044129266925,307.0818315849425,306.6918535690113,308.7549182250874,306.28496596192764,305.9966351124883,308.1649662192492,30.813244481648344,0.2333090341053722,0.9597798914089809,0.9370262597898711,0.9471041943814341,0.012675697027546784,315.6942119739442,310.2314178683656,3.168924256886696
0.001,0.1,1.3225822223216166,3.753100214577221,1770.751500337873,307.9690554592584,307.9760321614145,307.8826452909631,307.93366745509894,0.0010024669352404203,23653.563819460345,0.00040588708137434537,1308.8263840137647,4.2381221827370767e-08,3.1011529591084153e-07,0.9999886520091582,0.9999169952017851,2.2695852906706726e-05,0.00016600270663325034,4857.505080306928,1795.7191173254666,0.05532585457775746,0.40494169650877065,307.78450839488187,307.39047324672026,309.41467541781344,306.96742667648004,306.6854860366916,308.81827984301765,30.818505661211876,0.2206044806898733,0.961221861058932,0.9385810235073487,0.9486019027422823,0.012619958316649749,316.3185389354854,310.8745147330294,3.154989579162437
0.001,0.1,1.5465521559751234,4.6952537402198615,1187.17487287989,308.5632755003553,308.56985728964895,308.44565705080356,308.4959008058233,0.0010542533144928257,26520.694951370075,0.0003945399298412866,1299.030942587338,3.975209987618979e-08,3.037186543497292e-07,0.9999893150395169,0.9999184111293496,2.136980679778855e-05,0.000163171084556879,5015.566148662826,1814.530474662634,0.048961955299222655,0.3743879228608066,308.4336157477321,308.0311156629367,310.01901562840806,307.58649284500217,307.3108144474921,309.4132058797854,30.823270386200583,0.2085917379370269,0.9625334314860564,0.9399289221966577,0.9499266610076935,0.012606770478362894,316.886921970953,311.44387541892144,3.1516926195907233
0.001,0.1,1.7705220896286304,5.873919273304556,697.5936915831837,309.1034731770843,309.1097015354555,308.9661605505812,309.015215399271,0.0011012008099768877,29427.40215782864,0.0003819792141421807,1294.6693852798064,3.7420931826424665e-08,2.9503996810709066e-07,0.9999899065310907,0.9999204761973836,2.0186835940627645e-05,0.00015904128119770267,5169.430503075084,1841.0245243166673,0.04396579407565573,0.34710849403514427,309.0279488427295,308.61913660680284,310.57291186259215,308.14670358878857,307.8772209375153,309.95414561408364,30.827586123511395,0.19723313415721852,0.9637198062828131,0.9410765207164121,0.951084336913263,0.012635469369550067,317.40147311733193,311.94183178893854,3.158867342387517
0.001,0.1,1.9944920232821373,7.348469228349535,323.0583539266329,309.59534109511407,309.60125716111315,309.4581180457954,309.50564648354595,0.0011429414164680907,32308.596078399467,0.0003695167017583323,1298.8154633923332,3.5375768532146964e-08,2.845028506152859e-07,0.9999904279024788,0.9999230733349058,1.9144103417301217e-05,0.00015384741247659317,5316.760019749546,1874.8075288329603,0.04017187525663102,0.32353208812323286,309.57020749029,309.16034738284486,311.0818780411922,308.6528760722096,308.3895665600402,310.44584021760625,30.83150275465012,0.1864930490258603,0.9647856890262452,0.9420295759239858,0.9520801283232234,0.012705560703021757,317.86410782859133,312.370458675952,3.176390175755439
0.001,0.1,2.2184619569356445,9.193180479244251,84.26927341646814,310.04510901397674,310.0507556181554,309.93601010547184,309.98180957606183,0.0011800401907464675,35101.435335415954,0.0003586845890168888,1314.383580955286,3.3618003921220104e-08,2.7289186673817015e-07,0.9999908771834068,0.9999259861340752,1.824554996054939e-05,0.00014802225379717537,5453.986244166673,1914.2766587724511,0.03743103617820894,0.30407542229890483,310.06951549803,309.6611370098697,311.5521549294867,309.1102133799088,308.8530700335957,310.8934964726785,30.835073431047757,0.1763378018788586,0.9657353120244514,0.9427930857196387,0.952918601980186,0.012816710044265434,318.27655505847997,312.73158721636145,3.204177511066358
0.001,0.1,2.442431890589151,11.500975876432902,0.8907241334347304,310.4596078781249,310.4650316864452,310.4134635207785,310.4575123431181,0.0012142764196454436,37754.309069659066,0.00035113014367915696,1344.0073900439504,3.216259149134547e-08,2.61256110851946e-07,0.9999912488764532,0.9999289248352622,1.7502170511440873e-05,0.00014214527779654595,5576.022052573991,1956.441070930583,0.03559861375139776,0.2891695747321771,310.5363547556702,310.1285656651881,311.99089365273653,309.52979952673167,309.2733864499131,311.30290082446857,30.8383551727126,0.16673554609081306,0.9665724621311208,0.9433713330148064,0.9536037281962795,0.012968733934841326,318.64036640551564,313.0268169714069,3.242183483710331
0.001,0.1,2.6664018242426577,14.388105009895924,91.00909727451636,310.84627076888165,310.8515245117944,310.9020740992024,310.94454869304604,0.0012488797115537409,40236.87841507084,0.00034852462461643086,1389.9980422018293,3.103818588188415e-08,2.507374931725441e-07,0.9999915338503543,0.9999315727706176,1.693222761567359e-05,0.00013684977647909768,5676.12348643083,1997.056538060495,0.0345196000888912,0.27927818269478366,310.9783554169181,310.57039043793543,312.4096945782253,309.91417895710674,309.6566398872003,311.6804902254358,30.841408953343656,0.15765616920471953,0.9673005039106382,0.9437679252251532,0.954138911925326,0.013161591985312193,318.9569244028178,313.2575269637292,3.290397996328048
0.001,0.1,2.8903717578961645,18.0,370.8663915956343,311.21302141165006,311.21816612664554,311.41086548669404,311.4521291958204,0.001288708919076953,42550.052096057094,0.0003525404790796216,1454.3701031637693,3.028689403640874e-08,2.424008017716545e-07,0.9999917193469521,0.9999336323279207,1.6561237526580008e-05,0.0001327309394908438,5746.092738250921,2031.1078001732235,0.03401484506869097,0.27489098733192413,311.4036666109612,310.99496455039673,312.83646203829164,310.26889097535457,310.0093673718403,312.03023347352473,30.84429888679435,0.14907119849998599,0.9679224004044431,0.9439858298229794,0.9545270206073131,0.013395379797130014,319.22745002751657,313.4248857455501,3.3488449492825034
0.0069,0.69,1.0986122886681098,3.0,902.6135317684921,39.731254102732585,39.73504906540681,39.547102889601064,39.579757403291396,0.005093938967682732,526.9761220771071,0.0020220128338217513,24.0294772271138,9.666356319152894e-06,8.414718367406683e-05,0.999946868383746,0.9995405699924917,0.00010626040953931604,0.0009186489390846653,321.63892358796556,109.01348093741574,0.04476005575706109,0.40438304395502966,39.507511450789934,39.41833806824366,40.04844506239279,39.61252412943465,39.53353253786898,40.12911610991331,14.7480016890041,0.37813234534597556,0.9409145799204202,0.9136541250198621,0.925807647505975,0.015106932414445162,44.57686306418251,43.64561679714813,0.5473526237117813
0.0069,0.69,1.3225822223216166,3.753100214577221,470.58689368533095,39.99804627650247,40.00136701970221,39.773856135469316,39.803088820891524,0.004869987583262514,586.626478129943,0.00179407075050797,24.196072374232294,8.301683890551847e-06,7.414718896355149e-05,0.9999538794370418,0.9995914971554227,9.22389988099459e-05,0.0008168388145805006,347.0698625501037,116.13220031956709,0.03989987454433568,0.38082319739949144,39.783255428385665,39.70136916055939,40.30199080365328,39.907713013460764,39.82598523644674,40.39576415948959,14.86312603017249,0.3575416185530896,0.9437868916660637,0.9174124431106462,0.9291611770799375,0.01462571458612616,44.754964424478665,43.85154933936371,0.5299171951494985
0.0069,0.69,1.5465521559751234,4.6952537402198615,167.79057936842366,40.270710614524226,40.27359014085262,40.0113843795225,40.03684946869384,0.004566459874972395,646.521854923003,0.0015614687585840947,24.576450722846904,7.0631175732121744e-06,6.353516120749337e-05,0.999960331294485,0.9996466488067288,7.933583742369965e-05,0.0007065775294765597,376.27189635422155,125.45643197910377,0.03604202996221152,0.36064537169198196,40.07130504338814,39.99026862524676,40.55955606509977,40.209051055770246,40.122926080917594,40.66717986673355,14.979385868934795,0.33807213419047316,0.9464572889393729,0.9208634917954492,0.9322552829343381,0.01420200600503474,44.92084637881075,44.04195060404687,0.5145654349650268
0.0069,0.69,1.7705220896286304,5.873919273304556,14.899532128028852,40.55457226164472,40.5570477451072,40.26853476022096,40.290162652897635,0.004202209149823943,705.8075584237745,0.0013378776940369264,25.237444608391804,5.95376048282681e-06,5.301161487609816e-05,0.9999661824743473,0.9997021613184319,6.763390768027566e-05,0.0005955886552558853,409.83054199806196,137.34551523404383,0.03307160662979458,0.3442250955827312,40.37134595890704,40.28950065458825,40.82624782311849,40.51014739239372,40.42927047278175,40.94845228006841,15.098947839646325,0.3196628363954518,0.9489370809739077,0.9240239490557312,0.9351040791489414,0.013833001824966273,45.07514818098977,44.21759622878451,0.5011957182958795
0.0069,0.69,1.9944920232821373,7.348469228349535,31.252297804357113,40.85558330761218,40.85769650868542,40.55386195281025,40.57188130037854,0.0038032340294762434,763.9863373859911,0.0011365806632683828,26.243704672228176,4.978144036566356e-06,4.330869736051954e-05,0.9999713850865917,0.9997539205076998,5.722900800342323e-05,0.0004920984294838338,448.1942400122357,151.95410586382164,0.03091849437903718,0.3320231958683387,40.688180858892494,40.60487881555461,41.108027646277066,40.82523521621395,40.75052771618817,41.245433939238026,15.224123715923906,0.30225599402645154,0.9512366456023243,0.9269089183686454,0.9377204106951679,0.013516234907156477,45.218459878747424,44.379196880338455,0.4897186560563941
0.0069,0.69,2.2184619569356445,9.193180479244251,234.47625521490107,41.1802167539409,41.18201360990667,40.874859556652304,40.88974626882392,0.0033994018533860526,821.1275056990755,0.0009680859252219065,27.658074834586856,4.1399195981042385e-06,3.500192732182863e-05,0.9999758968397289,0.9997985902448141,4.820573957986518e-05,0.0004027789444822627,491.4779596409057,169.0261971829197,0.02955516090548534,0.324555832656923,41.01493805161957,40.9428006407348,41.411318361613965,41.16283355469634,41.09436145045943,41.56469539241023,15.357300577602127,0.28579701961944476,0.9533655024674095,0.9295320630121742,0.9401159572687522,0.013249545198657287,45.35132570479791,44.52740285465984,0.48005598545859735
0.0069,0.69,2.442431890589151,11.500975876432902,640.479049866939,41.53520038049424,41.53672965056557,41.237374873191385,41.24974206991508,0.0030200705749479084,878.0712360906226,0.0008380862529877575,29.542266418020326,3.439436859808738e-06,2.8369057442273213e-05,0.9999796942952572,0.9998344181480556,4.0610997163903484e-05,0.0003311362865390244,539.2080029541199,187.74896288639695,0.028975610162115945,0.32222044620394785,41.37959012878998,41.31916870068848,41.742661376041454,41.523785749458355,41.463513841830675,41.89660885155797,15.500803316269009,0.2702342982028975,0.9553323785178885,0.9319057248222534,0.9423013255122739,0.01303105300561469,45.47424714745886,44.66280822043788,0.4721396016527062
0.0069,0.69,2.6664018242426577,14.388105009895924,1263.9282473059588,41.92702488648868,41.92833588666613,41.64523788190175,41.65570620442521,0.0026896280412103124,936.6115453215955,0.0007464659979961041,31.95511565650468,2.871658004479114e-06,2.3359827766549046e-05,0.9999827850524973,0.9998614641807154,3.4429598651075644e-05,0.0002770524463959756,590.1109066130962,206.90223489784395,0.029143762300870076,0.32490251784109225,41.772204060611,41.72428886798183,42.11141611673854,41.923750279223185,41.86614597190248,42.27332097826452,15.656671379268476,0.2555190254343857,0.9571452666717309,0.934041029392142,0.9442861310441427,0.012859135627588225,45.58768573319816,44.78595455566281,0.46591071114450094
0.0069,0.69,2.8903717578961645,18.0,2119.3104877945198,42.36117657923932,42.36231630152058,42.1000153030659,42.10910848968587,0.002424230986406428,999.652676469562,0.0006877487077328048,34.94412849123924,2.4250732714166276e-06,1.9681381033876082e-05,0.9999852151939047,0.9998811962589896,2.956939360010402e-05,0.00023759336769180184,642.15159783044,225.4094998077595,0.0299220327068177,0.33142843962223767,42.216080786962706,42.16747264820427,42.51677923021106,42.35890862292995,42.307653949871735,42.70094278326644,15.826345160358821,0.24160505455128115,0.9588114784131686,0.9359479794203162,0.9460790715150907,0.012732406898077864,45.692065549677004,44.89733432071998,0.46131909051006753
0.012799999999999999,1.2799999999999998,1.0986122886681098,3.0,578.4185421591912,19.165685976892416,19.169440201854464,18.94633982437103,18.984033311456972,0.011344303651490861,177.63316108344398,0.004877260357160962,7.426143374511384,6.386365914054653e-05,0.0006567689460320809,0.9998546978621669,0.9985168916306312,0.00029058316295504927,0.0029640171283024097,125.13335848119934,39.02057771996375,0.040393362427313756,0.4449665619050617,18.93853173203389,18.872173555494257,19.349959249528744,19.130302109098754,19.07462219014028,19.51549705703834,1.5231153367972907,0.44130012261958307,0.9318375664886995,0.9015333952374164,0.9150771061800469,0.016760460308652636,23.727495352524503,23.174128294594777,0.3273527404033718
0.012799999999999999,1.2799999999999998,1.3225822223216166,3.753100214577221,235.86529081543353,19.384727798354422,19.387995667507976,19.12516378037293,19.15921607412863,0.010670861028373224,197.14838684385816,0.004381823672728435,7.546890736097803,5.412603774853386e-05,0.0005806131062385173,0.9998758620861193,0.998680445557148,0.00024826041753966965,0.0026373676617764685,135.9242301622883,41.50081088771565,0.036174219027575796,0.43454134478163153,19.168247102916762,19.104681613994295,19.557415299659056,19.37265157421513,19.31774515920933,19.735995449966595,1.2192348563396262,0.41726967304190155,0.9353342687858234,0.9062407802487622,0.9192314527191912,0.01610281606663222,23.843706347687707,23.31072787245674,0.31450812630141056
0.012799999999999999,1.2799999999999998,1.5465521559751234,4.6952537402198615,39.54670707733436,19.61957440368133,19.622394860221192,19.32612971354289,19.356327497093613,0.00984819635868206,216.8880746910618,0.0038992842494982582,7.758625021755663,4.540681350373901e-05,0.0005025741337626738,0.9998949457445282,0.998849433442024,0.00021009747454703298,0.002299809312547585,148.40190884704742,44.60668338666284,0.03288559342010367,0.4306967576312054,19.412371579466665,19.352084987617793,19.771978543068336,19.627172136021557,19.57419224766046,19.97006080335413,0.8984527534591339,0.3945477717226652,0.9385923145377824,0.9105853894116811,0.9230798352256939,0.015512479312088434,23.952224632307708,23.43759612375158,0.30297811156422727
0.012799999999999999,1.2799999999999998,1.7705220896286304,5.873919273304556,9.779662012585277,19.87594976425252,19.878370253576243,19.557817334047275,19.584327104070923,0.008945971329950453,236.7504087134755,0.0034695661097468022,8.085592584891426,3.778650849459446e-05,0.00042910474072487437,0.9999117240877317,0.999009185908343,0.00017654403190003887,0.001980646470749803,162.6790462997177,48.2745621799165,0.03047076436494036,0.43469578919424356,19.676263818741297,19.619944138279575,20.00552499312902,19.900392335580747,19.850449101022235,20.22383704185596,0.5540797209460977,0.3730631632931741,0.9416260385268316,0.9145890983518244,0.9266405238157924,0.01498551471103915,24.05347913192208,23.55526305467878,0.2926858341999834
0.012799999999999999,1.2799999999999998,1.9944920232821373,7.348469228349535,165.35302657567468,20.16012781000758,20.162203183650625,19.82794331073979,19.8512664386324,0.008043542036467954,256.8091831345206,0.003126405541413524,8.552637138633694,3.132108415396744e-05,0.00036554871798442456,0.999926023708571,0.9991473156827776,0.00014794711036636432,0.0017046415638999335,178.682329920595,52.3030924381284,0.028910013938844823,0.44775368849415176,19.9711573178751,19.91538609724144,20.26470957736663,20.206858748589102,20.152368503508285,20.50409766966544,0.17931180210194964,0.35274847250725055,0.9444485931569355,0.9182717363426146,0.9299301582348583,0.014518434922077272,24.147866134780188,23.664215264343177,0.28356318207182174
0.012799999999999999,1.2799999999999998,2.2184619569356445,9.193180479244251,523.439414829053,20.478681418473073,20.480471342473674,20.14263539110879,20.163470330966312,0.007216721774710777,277.3837226579833,0.0028897112555594795,9.18556221351739,2.6017106215021355e-05,0.0003145927476607808,0.9999377795337052,0.9992572612738351,0.00012443706120313092,0.0014849257915144909,196.05165147932792,56.38007466989325,0.028183433431632227,0.470484541039543,20.296310718343317,20.246610523614066,20.556912263720513,20.538055079791306,20.486145393224444,20.817796308615087,0.23228629039450727,0.33353999295398995,0.9470720487436667,0.9216512768734664,0.9329638931409661,0.014108155602700623,24.23575170768468,23.76489927478641,0.27554991411524654
0.012799999999999999,1.2799999999999998,2.442431890589151,11.500975876432902,1099.9756754136029,20.83801269865337,20.839577659283904,20.505921509513843,20.52498356686415,0.006524444221341241,299.1069470905507,0.0027609028672421765,10.010782266967876,2.1813081524201614e-05,0.0002757929194356971,0.9999470809072126,0.9993395358154775,0.00010583538514441493,0.001320492156105968,214.11223691729364,60.21552039026596,0.028211281314858026,0.5020261146084378,20.66075165876852,20.615825909520233,20.889808337412227,20.902836834291403,20.858937368933066,21.17005801736118,0.686039816326328,0.31537748727589743,0.9495074828676139,0.9247440052035348,0.9357555265272669,0.013751956340346982,24.317473877551244,23.857724519966652,0.26859289727240204
0.012799999999999999,1.2799999999999998,2.6664018242426577,14.388105009895924,1910.615324251412,21.243612730869433,21.24500920626783,20.91939864710656,20.937267164030285,0.0059996331136176195,322.9903314760389,0.002723300038465659,11.052741644658216,1.8575271545125813e-05,0.00024639135935850166,0.9999541880855066,0.9994001126423706,9.162173025523135e-05,0.0011994148504169688,232.0237354271821,63.70701596361524,0.028800565355353937,0.5393246646755159,21.06635120495289,21.03066756769517,21.27057257149327,21.314364321293127,21.273797126757895,21.55583180957109,1.1851722356474792,0.2982039982658968,0.9517650601132641,0.927564666001679,0.938317613452705,0.013447446660559081,24.39334460358612,23.943066032287216,0.2626454425890446
0.012799999999999999,1.2799999999999998,2.8903717578961645,18.0,2972.3162774357047,21.699049152008094,21.700325036603527,21.381986037288655,21.399033677501226,0.005647870172538205,350.4897402186117,0.00274792910305921,12.32702878178025,1.6114223968483206e-05,0.00022291901411966678,0.9999595032097209,0.9994469249262511,8.099194056809811e-05,0.001105844255460564,249.11237499377145,66.97711600761914,0.02963255458268764,0.5774771787556829,21.526022155203357,21.492587832090294,21.70663558620041,21.770960163079202,21.73581281597368,22.007919676632557,1.7296688668303566,0.2819656702508171,0.9538541033326399,0.9301265937046507,0.9406615669348072,0.013192536397832688,24.46365156192651,24.021266860349282,0.2576667265201697
0.0187,1.87,1.0986122886681098,3.0,427.4335079719837,11.619252003521623,11.622597224496184,11.379553990675769,11.416632257304682,0.017479718421309798,106.86486318082721,0.00800224494513202,4.264537415767684,0.00016356843494696823,0.0018764625948747807,0.9996667134981324,0.996163677070939,0.0006664619238428982,0.007657928484505971,78.18982675305038,23.08500878526762,0.0381731308968119,0.4785822883922133,11.399583319876307,11.316355717594345,11.736264422236971,11.613376494682297,11.568773880416337,11.944094362601316,15.624019584173926,0.48516778636060626,0.9253309237610353,0.8926704109932991,0.9072912961878857,0.018039627573149586,16.09374403311388,15.687947291394682,0.24117149161964685
0.0187,1.87,1.3225822223216166,3.753100214577221,138.7586098731116,11.823098417571273,11.826030402644061,11.543667996568452,11.577712303582395,0.01641374262934292,118.27290847739965,0.007311038491208954,4.355481535533906,0.0001387785490409189,0.0016785832821382281,0.9997184700374585,0.9965815514575707,0.0005629806659631642,0.006825211294421485,84.88653936627513,24.40779535129985,0.03437413598714885,0.4771891500758415,11.611857703296408,11.539038346462394,11.929202914240413,11.838623447623563,11.796677214561068,12.155345797175144,15.13101713949932,0.45874857768772714,0.9292679192178128,0.8980481233855245,0.9120102546955808,0.017257664522231986,16.18293954295997,15.793641131593448,0.23071744013679124
0.0187,1.87,1.5465521559751234,4.6952537402198615,6.342697247547278,12.048294993143614,12.050850398445466,11.736587932344738,11.767506559069258,0.015160205612268385,129.88161380247647,0.006665722677097197,4.507828237923464,0.00011672326181074386,0.0014786993481738712,0.9997641860840701,0.9970008500524606,0.00047157222365679097,0.005989304994670874,92.55956232027772,26.005191682847816,0.03150556661397633,0.48436699071577766,11.844112680947429,11.779206689890664,12.139685304089845,12.087873573442385,12.04527811930236,12.383139456665164,14.594803063695618,0.43376799418025075,0.9329389785983151,0.9030207474507628,0.9163881385706071,0.016550840027708014,16.26631638681297,15.891984949697898,0.22126791480893065
0.0187,1.87,1.7705220896286304,5.873919273304556,50.57013294294575,12.30085074855821,12.303076341654583,11.966689029318285,11.994763626525726,0.013846743618842083,141.70567318402266,0.00613413865714918,4.736808143941925,9.771481485332167e-05,0.0012949941122260464,0.9998033233867308,0.9973844149460482,0.00039331454484814454,0.005224328822729052,101.16255587218991,27.788563889866786,0.02953237081446413,0.5014252294353919,12.101548127135892,12.043287063097818,12.367725693429522,12.358782002022785,12.317239241033132,12.634228977409732,14.003834438203814,0.4101476972932133,0.9363607022809528,0.9076141335015891,0.9204463643211535,0.01591433795979935,16.344210255149427,15.983397769758561,0.21275852887432287
0.0187,1.87,1.9944920232821373,7.348469228349535,290.36373756547346,12.587209507089772,12.589160016300955,12.241049564943266,12.26684622766186,0.01260594899773082,153.88504657804532,0.005766945813138413,5.058572917376138,8.191795939924226e-05,0.001140034137558643,0.9998356367005315,0.9977067174028873,0.0003286995836426776,0.004581306049155187,110.48681066436295,29.61700044737538,0.028428963586458744,0.5289819973164146,12.391353816514371,12.341467210438864,12.627540975943528,12.659203098022298,12.619889826942863,12.916526321358228,13.346886907470713,0.3878136143097309,0.9395483091636446,0.9118516999013441,0.9242044264031957,0.015343882760448957,16.416931278282835,16.068264426724227,0.20513212246589513
0.0187,1.87,2.2184619569356445,9.193180479244251,743.3051237011912,12.913880579459825,12.915614836882717,12.564752507486427,12.588952013092184,0.011550677000137455,166.72742522319035,0.005584855652773335,5.49033028999757,6.92788063192069e-05,0.0010172166987745662,0.9998613115966539,0.9979609398412587,0.000277357572218917,0.004073962551151666,120.14336786082731,31.354022055134124,0.02812836105166956,0.5660457234218209,12.725280690673372,12.677258680262792,12.926741933125257,13.005057402334888,12.960308578028297,13.23851571663145,12.614224782646454,0.3666957060506343,0.942515759102287,0.9157546712942574,0.9276800770824235,0.014835682019863516,16.484765997243738,16.14693831255614,0.19833799491796145
0.0187,1.87,2.442431890589151,11.500975876432902,1426.2792612876988,13.286819409277333,13.288395128789231,12.94042644451973,12.963640580168617,0.010753397218635996,180.75066902786494,0.005573641011755726,6.0495808072409805,5.949298708807671e-05,0.0009213268140966753,0.9998810197483771,0.9981575905688694,0.00023794634694562777,0.003681424389749166,129.64838537850105,32.945275568125865,0.0284713704353492,0.6092987701566646,13.098829297345729,13.058244062532097,13.27285466055756,13.382432840824608,13.345153472445194,13.606823510807569,11.799229310686737,0.34672774723318744,0.9452758616615834,0.9193422872223581,0.9308894848623291,0.014386376799254252,16.54797913971279,16.219743834816352,0.19233124063174134
0.0187,1.87,2.6664018242426577,14.388105009895924,2356.7346021254034,13.710529836590462,13.711998006405775,13.367965557100229,13.390614474475523,0.010237627856604092,196.7261795975109,0.005689898642402547,6.751252185223663,5.203998714126213e-05,0.0008427916016610843,0.9998958438151073,0.9983158053232396,0.00020830152127448986,0.0033655528418116143,138.62176037661547,34.44608749404093,0.029184841519065474,0.65353676632229,13.526505650158164,13.490876500331964,13.673462824267421,13.81059870792482,13.77694931847185,14.012972838614093,10.900360433976722,0.32784711879009787,0.9478403728894204,0.922631985255731,0.9338473743313274,0.013992998558092995,16.606815222386505,16.286978621234383,0.18707217323653735
0.0187,1.87,2.8903717578961645,18.0,3554.60865214781,14.18693601281391,14.188336408823861,13.84433563669792,13.866632298669252,0.009985888731463888,215.72754898429497,0.005876540069580383,7.601267480665312,4.628935329993882e-05,0.000773100023716838,0.9999070675522883,0.9984526223667989,0.0001858562589835966,0.0030923608888625553,146.98040621202114,35.96517324960591,0.029896593671463655,0.6935753923252483,14.004167511105702,13.971172601941568,14.140178570774435,14.28805101153351,14.259173981963288,14.48786695949511,9.923103197788903,0.3099946114975381,0.950220081582542,0.9256395621169535,0.9365671498528344,0.013652931729707607,16.66149999846081,16.348915499341988,0.18252582526347066
0.0246,2.46,1.0986122886681098,3.0,341.81658339769297,7.694263468084231,7.69698438558386,7.440798193296107,7.472882026009226,0.022188629278021565,83.67723442927351,0.010607147899021951,3.2433242045389585,0.00026516924739877795,0.003270455628264818,0.9992931632872666,0.9910720880115752,0.0014131738073284161,0.017776116364376482,61.409904499191214,17.486217233434317,0.03680120034777725,0.503488100663273,7.475696340242045,7.378622116483377,7.772647859960971,7.709523826927315,7.659617111137997,8.009797140423252,26.705797449686266,0.5195954417469626,0.9201217804443194,0.8854924230262019,0.9010144267537862,0.01910735369053318,12.144416675572863,11.818900684717246,0.1941804236842803
0.0246,2.46,1.3225822223216166,3.753100214577221,89.32116827292907,7.8933204116285705,7.895733525886089,7.60075057657957,7.630701245957468,0.020893329038887742,92.32925640775039,0.009830400889134339,3.3216418699766894,0.00022629153371080213,0.002959500534355718,0.9994116346408702,0.9920855540283516,0.0011763845444636711,0.015766253488258553,66.47614815153754,18.381916485300543,0.03331499344619376,0.5080861087617488,7.68231357606917,7.5976948932239505,7.960793109970586,7.928632898536376,7.8892232934869515,8.212586960481248,26.069343021103684,0.49130151789855014,0.9244092229721182,0.8914052998431157,0.9061832830376209,0.018225939934497393,12.21801384325807,11.906561439371604,0.18522296681399789
0.0246,2.46,1.5465521559751234,4.6952537402198615,0.19104625133144282,8.117742609535407,8.119877763093163,7.794444341360802,7.822266115081028,0.01940354065974148,101.15018597776358,0.0091390045559262,3.4507136945260974,0.00019182901615234866,0.0026484389505925967,0.9995141465674536,0.993083794746198,0.0009714708115348136,0.013784576612491217,72.2009397533455,19.431441380831785,0.030764144923230808,0.5222943190096091,7.911284710763251,7.840779471572896,8.172318772479938,8.173490069070102,8.137629280624601,8.445195456555496,25.361480966994126,0.4645483044998834,0.9284083195414272,0.8968777237946772,0.910981923706087,0.017426395835340225,12.286846533417005,11.988206155445013,0.17709751865183154
0.0246,2.46,1.7705220896286304,5.873919273304556,95.16984362469981,8.37374571958812,8.375642571604129,8.030043991795774,8.056052911188672,0.01789475848708122,110.18763018371513,0.008622319269084078,3.642516123125353,0.00016240260778133993,0.0023671327669199035,0.9995998849765814,0.993984709742279,0.0008000699548053047,0.011994396798557294,78.46997254805946,20.55363743905581,0.029116522177412986,0.5470504746268305,8.168966410051677,8.109998503012193,8.4033893575496,8.452349850683154,8.414658778337397,8.701686590323456,24.56657559295474,0.4392519040787462,0.9321375518567064,0.9019388982105834,0.9154344001217243,0.016703151734982158,12.351196000854495,12.06418838821957,0.16974747698152598
0.0246,2.46,1.9944920232821373,7.348469228349535,393.7064052646867,8.667851294510992,8.669556953458784,8.314040501582259,8.338764033936114,0.01653871985809019,119.59679019497774,0.008340154385625409,3.9099583002835514,0.00013828732218588175,0.0021330545609707856,0.9996690082805563,0.9947422101378508,0.0006618738833691351,0.010487935370063872,85.03717350301497,21.652049826708954,0.0283271819501833,0.5819979147831078,8.467413585799152,8.416325722194085,8.669976989111367,8.760235074949376,8.724054485063967,8.99184711544784,23.669914699001215,0.4153329876954755,0.9356138486365141,0.9066152551997901,0.9195625872085503,0.01605126142796376,12.411322006851002,12.134832806774526,0.16312257548743658
0.0246,2.46,2.2184619569356445,9.193180479244251,914.2370808932822,9.006417379902585,9.007982398184117,8.650579624310632,8.6745961840792,0.015469556344967827,129.67402999773498,0.008306833101939803,4.266822536911463,0.00011929571669237113,0.0019468428860302915,0.9997228456614381,0.9953557505682044,0.0005542318625963993,0.009266929810806568,91.55616110722744,22.66389490959871,0.028287738032065614,0.6246129398540368,8.809907019417956,8.762353542913742,8.980561081139879,9.114778337369696,9.075298646095204,9.325718048146271,22.659604095959068,0.39271654616920015,0.9388527275694254,0.9109307369191709,0.9233863942062738,0.015466333363151619,12.467464524450754,12.200437589602373,0.15717818458487418
0.0246,2.46,2.442431890589151,11.500975876432902,1675.0292337447204,9.39490338599816,9.396376535221012,9.041058501636742,9.06484169386719,0.01475959767846291,140.89107825245566,0.008488159938453865,4.726658183955136,0.00010475892342889112,0.0017958057486084618,0.9997637941891816,0.9958574834067405,0.0004723558284517315,0.008267872742793503,97.70223231552689,23.59773508310079,0.028789443789849586,0.6701568546916992,9.199517838050417,9.160226451909823,9.345084872514779,9.507863830267215,9.474545886371203,9.70947892618413,21.529078363017547,0.3713316548507462,0.9418684210871727,0.9149070410916351,0.926923949783911,0.014944471303261708,12.519845272369448,12.261276565030022,0.15187470836648076
0.0246,2.46,2.6664018242426577,14.388105009895924,2695.6708827430525,9.836867317818124,9.838290233628264,9.483914471267722,9.507749025679997,0.01441563252577538,153.93138343139753,0.008814384015766397,5.299518660261404,9.364973018773642e-05,0.0016632423774372782,0.9997948777234079,0.9962867761450778,0.0004102024780358038,0.0074126596784477305,103.3348312914078,24.520099553233774,0.029517513250597448,0.71316127171588,9.646710948935553,9.612001800498813,9.773074514836775,9.95356120638107,9.923704505901515,10.136533313188254,20.279943810119164,0.3511112512045408,0.9446739880282261,0.918563835882938,0.9301917650119891,0.014482223016237028,12.568669096749218,12.317601126840021,0.14717706317314053
0.0246,2.46,2.8903717578961645,18.0,3999.250994156359,10.332788729965687,10.334191997087324,9.974508350788316,9.998513959136183,0.01439909303636,169.73283375908284,0.00920599570894387,5.985378289689467,8.48338693077966e-05,0.0015380808469202863,0.9998190940345562,0.9966683052706076,0.0003617792039193324,0.006652289269014955,108.57138103026546,25.49825252809193,0.03007215993750861,0.7497159489703771,10.142331806416697,10.110823838787372,10.256887292806857,10.451129596637722,10.424860191952138,10.632181067069173,18.92452308139318,0.3319919245020175,0.9472814129636636,0.9219189484265868,0.9332048771538235,0.01407653580984014,12.614125217517039,12.369641951390875,0.1430542257097575
0.0305,3.05,1.0986122886681098,3.0,288.7753196268883,5.27808014563043,5.280177668510705,5.0147165947601104,5.040376093701578,0.025573993396470485,74.47066602377625,0.012603327020086263,2.8277024005618756,0.00034341029511278273,0.00445709103531614,0.998536998830364,0.9800597566785182,0.0029238619668496835,0.03948287333924372,53.96265941201848,14.978704314525057,0.035858153095367364,0.5218518193279748,5.057256580445802,4.957311973975802,5.330525516141518,5.309446389431211,5.252993743811528,5.593044571677046,35.0982868562036,0.548285190560709,0.9157164850252912,0.8793726463737935,0.8956802749391028,0.02003621008618839,9.734348728492565,9.45990393784903,0.16423123021465894
0.0305,3.05,1.3225822223216166,3.753100214577221,61.60090927183177,5.477088441205287,5.478977087552277,5.175261252678191,5.199638089188369,0.024173047234437917,81.96347201128654,0.011815341700380066,2.901719338274186,0.00029492463705184716,0.004071841664537863,0.9988083125140815,0.9825531214645019,0.0023819548527728163,0.03458936350036379,58.22968934915518,15.671283203872822,0.03261717287523564,0.5305222793659712,5.2637828011625425,5.171382586532107,5.518579358086557,5.5278391296757405,5.48442425786662,5.794773084463582,34.36361074760141,0.5184290021061311,0.9202996723189995,0.8857386340334645,0.9012293503285196,0.019070321990479866,9.797628515007048,9.535556719111263,0.1563141146760645
0.0305,3.05,1.5465521559751234,4.6952537402198615,3.324610546073984,5.704722596131637,5.70642477489029,5.373610954903703,5.396778132066633,0.022591041160369585,89.60282636993759,0.011153881589205383,3.022137746712424,0.00025212420272435786,0.0036907257458198006,0.9990374603520639,0.9849752955139889,0.0019241528132983854,0.029823667227130257,62.97856068956459,16.460541301651872,0.030314202488240065,0.5493336233120893,5.493093008353313,5.4200477162664065,5.733159352718522,5.77540498426331,5.742126721094175,6.0275604889957215,33.53246632983051,0.4901985952783077,0.9245751642117661,0.89163323162687,0.9063828540402428,0.01819231017152334,9.856830008479902,9.606059580798828,0.14911729648789623
0.0305,3.05,1.7705220896286304,5.873919273304556,135.2621144195802,5.9673490905580096,5.968895970558169,5.61770449262573,5.639975809630948,0.02103960761917989,97.45056457769073,0.010723268923129692,3.1995232128667723,0.0002159003153071159,0.003351520901616352,0.9992243763585695,0.9871474576271464,0.0015506456908277455,0.02553989690026126,68.05708783846491,17.27344787973304,0.02891342574885989,0.5787498827531242,5.75998112804367,5.697310194086466,5.971232669259706,6.058908415020015,6.024947907583104,6.293934188992203,32.58601575771698,0.4635054401598347,0.928563083834121,0.8970886058159846,0.9111671523552579,0.01739593147886309,9.91219813534521,9.671722083273693,0.14258960228576303
0.0305,3.05,1.9944920232821373,7.348469228349535,477.6538833044203,6.271504860846046,6.272934347552749,5.913458465289167,5.9352970347740905,0.019716989223775627,105.66973274784164,0.010586771356323854,3.4453301915869856,0.00018659069831118087,0.0030727886059151222,0.9993716187543357,0.9889852857448831,0.0012563676283388059,0.021908104580111942,73.20740371763564,18.039880573041444,0.028350301355235065,0.6175121339526789,6.066576468865957,6.010786930506706,6.247144806235637,6.378484694675156,6.3437865277634575,6.594357857325413,31.506931767535548,0.43826582761990446,0.9322818475967721,0.9021338427766,0.9156062048585828,0.016675642738189334,9.963959019522985,9.732828413940403,0.13668559621466667
0.0305,3.05,2.2184619569356445,9.193180479244251,1050.0792028756364,6.623341611691157,6.624694824160038,6.264126655934643,6.286009945859544,0.018767754714975382,114.55473291268915,0.01074923798959393,3.7716446525491767,0.0001638322069964557,0.0028500134503203376,0.9994843463521761,0.9905041441857311,0.0010310413969633059,0.01890154035089242,78.12685806311592,18.731672030459844,0.028484823075872162,0.6620176447344269,6.422095426023637,6.371412832481807,6.574257197358305,6.744328210725097,6.7074569410756,6.941360030044532,30.281931555835023,0.41440060680436497,0.9357483249633946,0.9067952695152053,0.9197218036997333,0.01602652126366122,10.012321507257719,9.789639543686635,0.13136492839066574
0.0305,3.05,2.442431890589151,11.500975876432902,1872.459391338724,7.027799188143744,7.029115780679984,6.669962539926078,6.692258698384096,0.01825789815028145,124.56239781645064,0.011157180172229109,4.18970567878451,0.0001465763221512919,0.0026629985558952094,0.9995695072492633,0.9917745412257668,0.0008608001774649265,0.016383259376419823,82.59772579705078,19.378249110730664,0.02907475490424094,0.7069426109699573,6.827387829100865,6.787545332253606,6.956324475985853,7.15241512300668,7.121767707654712,7.339861367230977,28.90504591919241,0.3918349369204314,0.938977979712753,0.9110967335923476,0.9235337832425867,0.01544419647016626,10.05747853665607,9.84239515030427,0.12659177434562507
0.0305,3.05,2.6664018242426577,14.388105009895924,2966.732610411839,7.487532927130079,7.488846266650644,7.128092678868988,7.151005679421964,0.01817784118157917,136.3457235241457,0.011719033641742316,4.706110538840981,0.0001333216819107643,0.0024901739015736066,0.9996344429122731,0.9928643603725923,0.0007309805434694283,0.014220361901923217,86.60632453693222,20.039420637160283,0.029776713987477655,0.7472971565742078,7.291735051633682,7.253965526398986,7.406097868963979,7.615466170466489,7.587985183101547,7.787437742760696,27.381181492095227,0.37049805253765195,0.9419849951077656,0.9150598473184653,0.9270602042268162,0.014924790880949335,10.099608369661325,9.891315337135968,0.12233435148319127
0.0305,3.05,2.8903717578961645,18.0,4359.24453910255,8.001728196970125,8.003061896178297,7.632489845523973,7.656104976335734,0.01847477649883089,150.79440286551176,0.012340213623146412,5.315772416666449,0.0001225163278461197,0.0023214337740374955,0.9996854538274945,0.9938045474748635,0.000628993405716316,0.012352521418281803,90.34476952994056,20.754957609308672,0.030168993521842366,0.7804836693297237,7.804727851418384,7.777914209919688,7.9034345027733215,8.131875150087934,8.106961814307578,8.302258682597614,25.729082356232915,0.35032304166911843,0.9447823850315777,0.9187042014952945,0.9303175159164434,0.014464869115134338,10.13887570188671,9.936602171319043,0.11856450094372409
0.0364,3.64,1.0986122886681098,3.0,254.58682961167017,3.6314371769798743,3.632993018801246,3.360844595265254,3.3801844788855275,0.02814537817478424,70.59852412216571,0.014184405251561255,2.6375403799791446,0.0003986680815887974,0.005377891219877139,0.9969134992073971,0.9552851810830574,0.0061634750980630315,0.0874302228031103,50.083453370654034,13.636219811785075,0.035162293649023096,0.535464077627082,3.4073043729040116,3.301898743889348,3.66475303172329,3.675139844404904,3.6137712901430197,3.948655304173519,41.460876136523595,0.5730689809463301,0.9118659149393655,0.8739898828160413,0.8910003820034104,0.020865532935955167,8.112102878117499,7.8732825603866035,0.14330723170298879
0.0364,3.64,1.3225822223216166,3.753100214577221,45.2632155451729,3.8330270196104794,3.83445595976382,3.524584669383123,3.543352039195812,0.026699700295178097,77.56999217684735,0.013419381889000104,2.7116181834594215,0.00034420140502666274,0.004948846401332196,0.9975678799206962,0.9617512370589534,0.004858324950527515,0.0750345580155729,53.90061005331902,14.215037595824558,0.032120876812233995,0.5469826158644902,3.61220214980153,3.5186523933083538,3.8553322406824377,3.8959838253712036,3.849157274140005,4.152767468997128,40.65811352629671,0.5418632219961217,0.9167075027350344,0.8807530491375216,0.8968821711651246,0.019825331569909843,8.167980195035014,7.940278599155026,0.1361629915515786
0.0364,3.64,1.5465521559751234,4.6952537402198615,9.396626787308918,4.066064828723515,4.067382452308181,3.729685480073007,3.7479990320743517,0.025096605399112626,84.67783839484623,0.012822066954102818,2.8304654103973643,0.00029637749232673,0.004530020719208418,0.9981016847071782,0.9679329261540288,0.003793026984692638,0.06310585046689943,58.08679178475608,14.85764255248014,0.030017873575456006,0.5689200281684519,3.851147782194089,3.770595222300904,4.075179112363545,4.147104347149318,4.114228480711011,4.387948736542905,39.737992635684165,0.5123567338562971,0.9212241823348035,0.8870170095751908,0.9023456915031808,0.01887849083162274,8.22026615654733,8.002738307996509,0.12965996450290343
0.0364,3.64,1.7705220896286304,5.873919273304556,169.04141013900687,4.337025179093303,4.338254674936653,3.983841963358938,4.0019988800108575,0.023576323101232255,91.99291989302822,0.01250755926050548,3.004048258230478,0.0002562841045663886,0.004163568020665888,0.9985222449221148,0.9734103631330668,0.0029533263957001177,0.052472264945151004,62.46534810620638,15.49769708185845,0.028811699170325975,0.601284660103937,4.126099435865122,4.059029914755683,4.321398185216619,4.438901382702875,4.406332707685122,4.664878362940279,38.67922547284601,0.48445698484731503,0.925437551260276,0.8928166219135668,0.9074194010990848,0.018018150161191238,8.269179427963135,8.060939279855369,0.1237510313268629
0.0364,3.64,1.9944920232821373,7.348469228349535,545.4305513804111,4.652413972009086,4.653584721273378,4.292391735246343,4.310794083316205,0.02235630247769116,99.68567678344922,0.012539606424686545,3.2431691848430617,0.00022426795101423204,0.0038664669371213643,0.9988430305547183,0.9780085661084796,0.002312600312265989,0.04349924461843557,66.77538372768718,16.082103381964718,0.028420533275728552,0.6420791231272642,4.441434224376162,4.384394268306792,4.6107551500186075,4.770434957623624,4.736803160765069,4.976434638398848,37.462562296852646,0.4580764819872136,0.9293673592290622,0.8981833756238233,0.9121291383105739,0.017238220918488367,8.314921807800634,8.115136264804846,0.11839437444016736
0.0364,3.64,2.2184619569356445,9.193180479244251,1159.500850485339,5.018137638330547,5.01928241362665,4.657712952536296,4.676760541423658,0.021586368292499714,108.05506602819288,0.012912909333349654,3.558991567461291,0.00019977192264976793,0.0036282494882562263,0.9990821179934551,0.9817779923526625,0.0018349215057117396,0.03611197373197539,70.75103139593968,16.601656687407964,0.028679840783767313,0.6869887246707567,4.810162485513178,4.760928068445491,4.95208240518784,5.149239747787648,5.113655416081507,5.337086137401901,36.07385746041895,0.433132496615597,0.9330316845300651,0.903145751098339,0.9164983878345927,0.016533296695472433,8.357679620196283,8.165563150340374,0.11355286191945352
0.0364,3.64,2.442431890589151,11.500975876432902,2033.030199421064,5.438603811695274,5.439754774405004,5.078965240338965,5.098958346343152,0.021324743914705735,117.5586345920463,0.01355681415054416,3.9611340290264145,0.00018139666208872852,0.003422457824249945,0.9992591600731584,0.9848709085491171,0.0014811310098860053,0.0300292934936367,74.24810167157818,17.093498080285418,0.029322101113627732,0.7305395538711141,5.233594197743282,5.1940717132596355,5.353863826949334,5.571940781516334,5.5432168490644145,5.750016077628683,34.50795643581043,0.40954680495842793,0.9364470896803582,0.9077295316550147,0.9205485133580705,0.01589857632228764,8.397624963861912,8.212434725056132,0.10919351869703048
0.0364,3.64,2.6664018242426577,14.388105009895924,3190.469901431673,5.915604483876616,5.916788845167717,5.552061231700691,5.573164312903288,0.021548448838316858,128.84557163475392,0.014362525319093766,4.453219054084961,0.000167242448187521,0.0032252007243881134,0.9993920011553545,0.9874218809187142,0.0012156280266958364,0.02499802908294857,77.3262130714735,17.608470158387867,0.029980166830662715,0.7683963815255945,5.714499282716489,5.676628778769009,5.820380755584004,6.051991483625074,6.0261092706313875,6.217348534401117,32.772819148761755,0.38724544282004053,0.9396287591131208,0.9119580753173194,0.9242989615256197,0.015329797587501082,8.434916834217589,8.255948252349206,0.1052870713427272
0.0364,3.64,2.8903717578961645,18.0,4661.519606245846,6.447149085581057,6.448385855086292,6.069735787074991,6.092033993787192,0.022196955085316716,142.79689124539337,0.015226301835901013,5.025187273887203,0.00015544424596171166,0.003029996894846627,0.9994943111471633,0.9894997784664127,0.0010111219844576302,0.020890188414920186,80.20707426329517,18.166819796527935,0.03021180698823685,0.7990203281016764,6.244295451405476,6.221419236620188,6.332402088955845,6.586209955692978,6.562074782097307,6.75005347027131,30.89275807623594,0.36615847363309606,0.94259062123357,0.9158525522101506,0.9277674411997343,0.014823180033835648,8.469702133128786,8.296284877089368,0.10180755517744264
0.0423,4.2299999999999995,1.0986122886681098,3.0,232.45795896643125,2.4288527040275585,2.4299540537914988,2.153095400400859,2.1666681922645017,0.03031297908457642,69.10115268027388,0.015540236685294403,2.5458344164147553,0.00043867544764169733,0.006104182025781312,0.9930178509757148,0.8956697704197104,0.013915547643573056,0.19777566235630328,47.745048191985624,12.79930128534969,0.03462042319494572,0.5455587155544681,2.2000021246595565,2.0897615051786014,2.447139800569771,2.482613144116057,2.417711992167498,2.750171204944147,46.37390937137545,0.5949995640861541,0.9084248836344645,0.8691549784494105,0.886805552323763,0.021619331310701484,6.94654496889653,6.734134542527464,0.12777382571336576
0.0423,4.2299999999999995,1.3225822223216166,3.753100214577221,35.448901968524694,2.6346985034216406,2.6357398408526227,2.3216640235966812,2.335253389678502,0.028843588213921745,75.85808376997221,0.014809228041151284,2.6224905361730504,0.0003802309098841123,0.005647009145269254,0.9947843550343604,0.9137150768233391,0.01040408697887163,0.1651247583857196,51.28333861560172,13.307324719232795,0.03174631281936919,0.5591159792243603,2.4097658781288143,2.3104614168497166,2.641917404164559,2.7076766655379925,2.657673527732653,2.9582629967161296,45.520423675628315,0.5625996024939379,0.9134975029424878,0.8762743639920118,0.8929852669487142,0.02051223599377361,6.996814572269622,6.794548666750038,0.12123070918305916
0.0423,4.2299999999999995,1.5465521559751234,4.6952537402198615,15.795134704097336,2.874534549379437,2.8755252700642777,2.5348296439468854,2.548582823820365,0.027244501556145106,82.75267221446882,0.014286862248997917,2.743684855011417,0.00032922805786302534,0.0052071804904643346,0.9961437439465401,0.9305913358333279,0.0076976413961699075,0.13399976567194238,55.11268630752984,13.857940244078444,0.029809476544556786,0.5832514671950392,2.6554898842080754,2.5690908024141024,2.868443252594841,2.964882502131117,2.931202112345713,3.198784144614841,44.53225222276735,0.5319639405324103,0.9182295943214484,0.8828690727156683,0.8987260075385991,0.019503586782849247,7.043858744737091,6.850887013283806,0.11526942543055112
0.0423,4.2299999999999995,1.7705220896286304,5.873919273304556,196.4276297969219,3.1549086763449803,3.155864768745913,2.800022711263218,2.814214803010215,0.025780882767788782,89.86329217360607,0.014096822715844018,2.9192240668117613,0.0002868900320053146,0.004828962215031305,0.9971551128972306,0.9451557302280933,0.005681680822911317,0.10668064561699975,59.039445581306154,14.390407637906321,0.028762176978000657,0.6175708739237329,2.9397871575773133,2.8686685046519607,3.1245149352376806,3.265499391968782,3.2338123862122297,3.4856985803064315,43.386241399978374,0.5029965054584604,0.9226441052503173,0.8889764501991967,0.9040581575303696,0.018585947719947704,7.087876127365636,6.9034027001943885,0.10984602671363893
0.0423,4.2299999999999995,1.9944920232821373,7.348469228349535,599.7363133672409,3.4822585043783953,3.483201864079981,3.121986556755778,3.136967892845439,0.024686159556331688,97.36856813846829,0.01430201797909958,3.1597001862222793,0.000253533147588505,0.004526384509980675,0.9978859794535273,0.9569898452176258,0.0042235720100745056,0.0841704361503447,62.80332336392594,14.863609196611597,0.02850781961760285,0.6594879704447814,3.2650338830262124,3.208688442916203,3.427142196938537,3.6092357983931085,3.57637925414019,3.80891428166546,42.0617608720298,0.4756064560507715,0.926762003904285,0.8946302021632442,0.9090092806935252,0.017752723210759824,7.129049966066289,6.952327928272609,0.10492153197848597
0.0423,4.2299999999999995,2.2184619569356445,9.193180479244251,1248.191801330967,3.8622150331814713,3.863171437498919,3.502223254640488,3.51833727715496,0.02411367976710288,105.57621169493578,0.014887208797932566,3.475769157423392,0.0002284006915949945,0.004283140831184698,0.9984047378259067,0.9662922781843546,0.0031879794867826217,0.06627923312128992,66.1685004770819,15.279840569144172,0.028862165799855677,0.7042157336070906,3.648975212129541,3.6011784502133444,3.7824702841248907,4.001894645843061,3.966851619494694,4.183477099125524,40.5442089971019,0.44970789773380465,0.9306024712099595,0.8998607900103731,0.9136044127025185,0.01699805850744107,7.1675494016937185,6.997875824843725,0.10046133869646025
0.0423,4.2299999999999995,2.442431890589151,11.500975876432902,2165.5992156455213,4.298645979502293,4.299641717783509,3.9388265754742418,3.956331743494007,0.02411453150692644,114.95321801385676,0.015766594574237958,3.875751399128477,0.00020977691554506644,0.004068009774255212,0.9987724137357082,0.9735177052869517,0.002453665560547269,0.052263277492827886,69.04323823395187,15.678662304038976,0.029536824047456417,0.746328548279171,4.089041412304466,4.0513005997417775,4.2033715890377135,4.439002509769347,4.411721139235256,4.610653044959655,38.829395767302174,0.4252196132143528,0.9341830700660045,0.9046957736513381,0.9178663156224155,0.016316754443589043,7.20353062588377,7.040242083717238,0.09643471893374139
0.0423,4.2299999999999995,2.6664018242426577,14.388105009895924,3379.0698261348944,4.792514605638574,4.793572483022737,4.426563425727666,4.445607764952751,0.02465557296432408,126.15933890072257,0.016817723258972905,4.360401600532834,0.00019543200827745353,0.0038569207150363875,0.9990369491115927,0.9790900669663681,0.0019251743098009921,0.041382640767792744,71.53229395152619,16.10199340087057,0.030142606175291374,0.7821289994844873,4.586322192131544,4.550965888787809,4.683308887239715,4.935733738684682,4.910971849457157,5.097071259970947,36.928091290970556,0.4020648077859455,0.9375198948010895,0.909160109552151,0.9218157006322141,0.015704194168875474,7.237137918387633,7.079606426670139,0.09281438634087161
0.0423,4.2299999999999995,2.8903717578961645,18.0,4921.764098177035,5.340750317438259,5.341886425081657,4.957041438201832,4.977725335043994,0.02567369909518291,140.08804451234732,0.017932073296363815,4.914449641031095,0.00018326830947319018,0.0036488466880701433,0.9992317465485601,0.9833094903650215,0.0015359166895142495,0.03310244615808178,73.86799533714405,16.554733426843097,0.030216794031509196,0.8109003547238074,5.131655778653514,5.112737061806099,5.21685926792607,5.487028293454367,5.463334489575339,5.646810542212732,34.86942542729166,0.38017086850238624,0.9406277034743691,0.913276410597246,0.9254714234503537,0.015156280024015367,7.268504579554079,7.1161339082810215,0.08957612307337688
0.0482,4.82,1.0986122886681098,3.0,218.6624423059153,1.5047732575093946,1.5054900316936661,1.2255967202586513,1.2339534624775321,0.032330996147513225,68.77234962601185,0.01679880747117209,2.501606988300308,0.0004701162069251831,0.00671520648516651,0.9815928146601067,0.7436331997209786,0.03647554620764937,0.44700966427273914,46.12085909083113,12.203104051407692,0.03417888047580988,0.5529765983531445,1.267855050549949,1.1553672333511766,1.5113093970821234,1.56711092507992,1.4989341178835403,1.831544033664474,50.26043007595907,0.6147426080272232,0.9053005816366602,0.8647460743699279,0.8829871092207109,0.022313472415949276,6.069141846878394,5.877176409929784,0.11573377809102321
0.0482,4.82,1.3225822223216166,3.753100214577221,29.640016688068442,1.7160632730117023,1.7167762839987804,1.4001344275587468,1.4090175680621762,0.03083878703682097,75.48363857563585,0.01610218821688471,2.582424487056697,0.00040854929119401147,0.006235298765787761,0.9874946744262029,0.7960434387238042,0.024854267979887545,0.36631484366478095,49.47408482210694,12.664013539802712,0.031448545727873506,0.568017672954721,1.4862298655794652,1.3815135521294217,1.7108661748460658,1.7976505949398012,1.744868288266514,2.0447339282370987,49.3655777567831,0.5812675635206412,0.910583176824916,0.8721901799259997,0.8894379986365247,0.021145178188391234,6.114994588081604,5.93239115730294,0.1096741607281703
0.0482,4.82,1.5465521559751234,4.6952537402198615,21.390903916435974,1.9636967904777092,1.964409617961902,1.622296811932357,1.6318700122821095,0.029245675505009894,82.34401016214099,0.015655273020820336,2.7083742386221834,0.00035516457660275663,0.005780321196964478,0.991561805562427,0.8445004742259105,0.01680518574977974,0.2868189490322124,53.06219095718142,13.15297559107633,0.029653348711216262,0.5937476518372925,1.7398913066201689,1.647695829826771,1.9450859130819314,2.0625205938794395,2.027642777165614,2.292604667847195,48.321378213548776,0.5496153609483669,0.9155108670503506,0.8790859780784234,0.8954307686432249,0.020080098407125657,6.157908351235603,5.983890341834079,0.10414988800376378
0.0482,4.82,1.7705220896286304,5.873919273304556,217.84210153701696,2.254264973058607,2.254986977589692,1.8992267167268515,1.909740751631362,0.027840642991071363,89.439068813095,0.015589375280576544,2.8893824748607386,0.00031128055513694194,0.005395400372298553,0.9942885783443297,0.8849629953377335,0.01139022297401171,0.21684049688286666,56.67923811947543,13.614075702499708,0.028739692202205035,0.629426615697799,2.034469832735239,1.9614690099491616,2.213030391570906,2.3725289381189705,2.3413800343676128,2.5891709175885227,47.10325431957234,0.5196867397189222,0.9201078526702207,0.8854731432142893,0.9009975980194906,0.01911025465073002,6.1980659138589544,6.031907626959086,0.09911957806395238
0.0482,4.82,1.9944920232821373,7.348469228349535,642.683128738249,2.594105440809324,2.5948518556787383,2.235050150699075,2.2468118587820403,0.026872288502618247,96.95657145683981,0.015966070267296045,3.1361145199975713,0.00027715799041615695,0.005091035472552964,0.9960796888119853,0.9160983353515163,0.007825253536218546,0.16076383996618082,60.06704925790393,14.01512380313007,0.028598429894464907,0.6719947128100057,2.372303272710778,2.3146685042475657,2.527642891515704,2.72872373835479,2.69642510304875,2.92442908469377,45.68961723102119,0.49138784435294325,0.9243962308180678,0.8913874512136255,0.906167656297564,0.01822857452050375,6.235635822107351,6.076657283196337,0.09454654834286176
0.0482,4.82,2.2184619569356445,9.193180479244251,1320.073942432689,2.988548638577511,2.9893393039930825,2.630381337262543,2.6436925048372766,0.02649749921799227,105.21583362079751,0.016760562862759065,3.458974300320073,0.00025183946470918456,0.00484552974597358,0.9972467753917847,0.9388806274580881,0.005498868970687187,0.11850316738390676,63.01415345203166,14.365785184056932,0.029028974323669132,0.7163384367984226,2.769910799069215,2.72412279685607,2.8972726263499187,3.135797421640397,3.100835208754828,3.31308060754336,44.065740067088164,0.46462993015451876,0.9283962024075991,0.8968612100238825,0.9109674198218436,0.01742878258575553,6.270773598878596,6.118335922298095,0.0903982499261179
0.0482,4.82,2.442431890589151,11.500975876432902,2276.003041051388,3.440916902592339,3.44177343349376,3.082261993445136,3.097354155341675,0.02676155631693078,114.69876186804781,0.017873427220840732,3.8651350071855735,0.00023332035918328318,0.004624269834717986,0.9980131176711132,0.9551676418071771,0.003969816956384653,0.08765477604451632,65.46718719847816,14.705453288932338,0.029724521700311615,0.7571597746309804,3.2267005846004695,3.1885315713247215,3.3368877348701473,3.5882181421545742,3.5610564554694233,3.7544187872078743,42.228539283427715,0.4393290849098309,0.932126254258541,0.9019236321552269,0.9154209471459347,0.016705307112606316,6.3036228250474,6.157124037826288,0.0866457837790784
0.0482,4.82,2.6664018242426577,14.388105009895924,3540.386179885804,3.951374996762092,3.9523169815510157,3.584362995420282,3.601377938911237,0.02762398475822181,126.08449051994117,0.019171162901081007,4.352401451943054,0.00021909106063963416,0.004404732218008607,0.9985271779243587,0.9666811386164543,0.0029434749464160026,0.06552757624319538,67.55969357160032,15.0674668451713,0.030274125757316864,0.7913303083727736,3.7381528463437568,3.7074889795187542,3.83057329037469,4.100406473229983,4.0764458694820265,4.259399918956833,40.19143697213715,0.4154059657403504,0.9356033197313641,0.9066011579521224,0.9195501196790877,0.016053200052276395,6.334316108884378,6.193187376532376,0.08326348574832156
0.0482,4.82,2.8903717578961645,18.0,5149.96745298091,4.515852111956527,4.516893764705352,4.127249761739386,4.146307452072776,0.029023080169617188,140.29192944997098,0.020543767563424964,4.89987276112419,0.0002068763348212914,0.004192714497898831,0.9988813500509549,0.9747000845004447,0.002236048520381728,0.04995974527482605,69.52557564523525,15.443735496600222,0.03019396913188171,0.8187824001455284,4.299572748105623,4.2852714819120905,4.385130094472034,4.668272280293416,4.6448050656668,4.826132160027189,37.98782674883225,0.39278555028536355,0.9388429207376058,0.910917736983207,0.9233748525270243,0.015468068210581443,6.362975956681204,6.226678161451749,0.08022856955695769
0.0541,5.41,1.0986122886681098,3.0,211.0175761696711,0.7661155018675581,0.7664979997869882,0.48510555221719676,0.48866239227295005,0.03434845208808762,69.05916027088278,0.018039359780492984,2.481672184550696,0.0004973772046077117,0.0072690341185248,0.9318370107578414,0.3920502547310771,0.1316797853818905,0.8462965977652976,44.839118013342656,11.729017826388358,0.03380396534125003,0.5583023064008409,0.5223860633292923,0.40553005605849446,0.7632893464842493,0.8360205299580992,0.7646773412281931,1.099420546183643,53.41235128081768,0.6327481324043471,0.9024297058404389,0.8606795425657048,0.8794706464643677,0.022959059376071234,5.385114563576551,5.209497231774909,0.10609546846613324
0.0541,5.41,1.3225822223216166,3.753100214577221,26.457423350370334,0.9837730687738065,0.9842014330124897,0.6664829604822827,0.6710345683606045,0.03282477466134093,75.82831731933784,0.017373091456346645,2.5677239714701754,0.00043288280449512107,0.006765949786417078,0.9620789252075687,0.5183704061071944,0.07440414167144949,0.7312921220722624,48.06343798319361,12.15725748167452,0.031199836322176544,0.5744337569773299,0.7483786574429926,0.6384001938904991,0.9679955836697118,1.0730130134024556,1.0173357574669266,1.3185652705345918,52.48087476786525,0.5982926194512672,0.9079054953802442,0.8684232660793729,0.8861713961461112,0.021734099234133053,5.4273848844309445,5.260484664427014,0.10043483934442261
0.0541,5.41,1.5465521559751234,4.6952537402198615,25.719011071641205,1.239995239982882,1.2404673305052913,0.8983754975863217,0.9040932787113816,0.0312288202544454,82.76697424433834,0.016998315751308668,2.700046559606962,0.0003773101595118611,0.0062955639378985614,0.9785207884817991,0.6455719705586054,0.042497066508958126,0.5832368308290792,51.48144761274274,12.603253755995881,0.029528066067718954,0.6013530039252812,1.0109041410706323,0.914733948170203,1.2108389362182983,1.346382644231803,1.3096630966614045,1.574506397939842,51.38729694541246,0.5657133386228855,0.9130130049066466,0.8755965430410695,0.8923961427799955,0.020616862126651148,5.4669474414019374,5.30804709603521,0.09527200613055059
0.0541,5.41,1.7705220896286304,5.873919273304556,233.8323102079753,1.5413896371903,1.541908471410333,1.18761268690927,1.1947216836888412,0.029873855040039032,89.96815100886393,0.01705374383658353,2.8888870587843782,0.0003320492274771299,0.0059032227600339686,0.9874817061190763,0.7546363935461264,0.02487988008015829,0.43052391353569575,54.87806160871822,13.015336896286614,0.028729771625989012,0.6380255350480379,1.316525039295482,1.2416031077529919,1.4907444370868643,1.666620567900144,1.6357620364465544,1.881276188135019,50.10595084601813,0.5349081220312781,0.9177776093278632,0.8822412481264216,0.8981787554733017,0.019598853854561504,5.5039720780128505,5.352402282919283,0.09056771651830639
0.0541,5.41,1.9944920232821373,7.348469228349535,675.9157875301353,1.8941655410659057,1.894740198088823,1.5376738643749912,1.5464430198768375,0.029024227737361574,97.62965882073067,0.01759950558595199,3.145191981420737,0.00029728904195656757,0.00559568563379142,0.9924213505607433,0.8356405245475444,0.015099862951190257,0.30170491373390473,57.99767036325142,13.368212674006159,0.028685162029182608,0.6810011970492418,1.6674916848604278,1.6085540708755885,1.817823102716981,2.03555453712374,2.003643212615955,2.228945599664264,48.61461845192642,0.5057803652138488,0.9222224625936131,0.8883951093863552,0.9035499129755709,0.01867254961804221,5.5386153543474785,5.393749831289298,0.08628719786525975
0.0541,5.41,2.2184619569356445,9.193180479244251,1377.9631913980954,2.303330656977571,2.30397573754607,1.9482651239716184,1.9589633051802435,0.02884123111277992,106.08453283195732,0.018601563206672653,3.479290334373237,0.0002718702749859466,0.005346367051608402,0.9952036378212633,0.8904221023789788,0.00956971926732375,0.20714847959499938,60.648370503596006,13.676362835637338,0.029179724434931508,0.7249249774754143,2.079608953508906,2.0346677755868736,2.202018115085415,2.4566377247257853,2.4222714976401565,2.6318484254129713,46.89871893292707,0.4782387241839186,0.9263687190499375,0.8940921728232045,0.908537443388664,0.017831275661273405,5.571021687605947,5.432272840860907,0.08239961026466452
0.0541,5.41,2.442431890589151,11.500975876432902,2368.2973949405387,2.771657382757379,2.772390611805277,2.415379820763231,2.4282185299567876,0.029365803849496608,115.83341763867114,0.019947904729723243,3.897267699926874,0.0002535175465606982,0.005118433288556886,0.9968227075937403,0.9259132381950884,0.006344489625484617,0.14268467533508544,62.8052557377087,13.977563578544725,0.02988959947013719,0.7646481889437242,2.5527916840843408,2.513762742620957,2.6600980114135178,2.9237662476206796,2.8979167730437045,3.0873461073921256,44.956412096280275,0.45219682897804947,0.9302357279319505,0.899363203616052,0.9131666197210978,0.017069108210852724,5.601324371900098,5.468139363410502,0.07887757953259114
0.0541,5.41,2.6664018242426577,14.388105009895924,3679.7879597796264,3.2985384192185134,3.2993769073798145,2.9316296272328852,2.946746670015466,0.03055247237928338,127.58093552335632,0.021495884886010536,4.3937796640637,0.0002394752182522609,0.0048923447531571285,0.9978039542459947,0.9486141393180462,0.004387268891057006,0.10013121468588249,64.62041029064429,14.29688663025328,0.030381551847246873,0.7975382230630632,3.0792847776093315,3.0519784867356323,3.1677830932362676,3.4527064129012324,3.429321453208659,3.6105114553445405,42.80368481441377,0.427573012801792,0.9338412046905031,0.9042360337663634,0.9174604177773904,0.016380786913112733,5.6296464917573,5.501503699808158,0.07569679719553019
0.0541,5.41,2.8903717578961645,18.0,5352.904194402925,3.8789706101696257,3.8799272891950967,3.4866048464337456,3.504138296860004,0.032344134496419485,142.28046336093212,0.023136669866089976,4.941742773713361,0.000227326603613667,0.004681884696459919,0.9984237619947199,0.9630519726601062,0.0031499914843108323,0.07253089795547796,66.32463494992645,14.614691188856717,0.03014961689364045,0.8240591433992608,3.658409970944307,3.645588045402411,3.7418764712346935,4.036815469011309,4.013428112354195,4.193532156123096,40.47780474489733,0.404290055924465,0.9372013822755005,0.9087358642463378,0.9214397418012091,0.015761640474291405,5.656101741831176,5.532507555685079,0.07283567686825973
0.06,6.0,1.0986122886681098,3.0,208.19263859608668,0.15651343755744984,0.15659536971099514,-0.12480375781482009,-0.1257855129591369,0.03645533123000554,69.68598844309518,0.019311568472720215,2.474476514113198,0.0005231371764178184,0.007804304612541893,0.45654948404076967,-0.10535609854686634,0.791562568622107,0.988900092498983,43.72121355437496,11.319647266144404,0.03347297784198862,0.5619530353227031,-0.093839738664578,-0.21669446773434267,0.14632630003420977,0.23384334645687183,0.1587802913345136,0.49728267928585557,56.0296244666579,0.6493358309501979,0.8997669477067561,0.8568952259399455,0.8762027436974609,0.023564204009295264,4.837093064348814,4.67488055832072,0.09818418337206361
0.06,6.0,1.3225822223216166,3.753100214577221,25.1294734227576,0.3813129672218655,0.38148689442203154,0.06412888110829806,0.06459880726663066,0.03488686057784095,76.58244379822611,0.018669938188389315,2.5665390643217285,0.00045554645226206583,0.007274363538013519,0.8011798563428913,0.05630123126159002,0.358110837790384,0.996830171358429,46.85259669287729,11.724720521955614,0.03098172375998424,0.5788873657139375,0.13976762816801847,0.024626834287323887,0.3562665932407342,0.4775381176713315,0.4197129219923111,0.7230900267322593,55.06364049434486,0.6139770554937003,0.905422191471273,0.864918013879972,0.8831359046747363,0.02228628679653666,4.87639050996396,4.7223527540564545,0.09285952831890275
0.06,6.0,1.5465521559751234,4.6952537402198615,28.637455237462177,0.6468041147448295,0.647062025196418,0.3063791981502172,0.3084733008896976,0.03327419596280434,83.67693233378283,0.018362964167187894,2.7064075719043243,0.0003976507626985577,0.00678499585864928,0.9245888595492647,0.26857059196497246,0.14513544079739005,0.9278698371315843,50.14747726099255,12.140182251912224,0.029419626223980425,0.60671609441331,0.41195953327074875,0.31274359872826846,0.6100459502986442,0.7601220305718346,0.7217829859375953,0.9877105709565684,53.92414809345389,0.5805436981986394,0.9106966087386777,0.87234945480673,0.8895762251977604,0.021120383540917387,4.913171317276872,4.766640012229628,0.08800159808715578
0.06,6.0,1.7705220896286304,5.873919273304556,244.94795517221218,0.9595859347744029,0.9599245156966159,0.6084349463012168,0.6123508314449831,0.031956392999834715,91.07030231667105,0.01853695625347062,2.904811844944123,0.00035089806651476195,0.00638146539017132,0.9674370218583948,0.495229839065898,0.0640656087377598,0.7547474064987647,53.383803394095295,12.518139614121091,0.028723211722964607,0.644152802531955,0.7292979201753973,0.6523817076125757,0.9005639347927135,1.0912926783252543,1.0606676497034346,1.3050483119367424,52.584645555464455,0.5489309128126058,0.9156166841325115,0.879233517130079,0.8955591776949685,0.020057506437543005,4.947594545194591,4.807946792760466,0.08357294348976252
0.06,6.0,1.9944920232821373,7.348469228349535,700.7296817124486,1.3257130437465432,1.3261354352265375,0.9730938182587737,0.9790653789097896,0.03121497043042276,98.97132260117178,0.019250657680938102,3.1731500921733016,0.00031539409204634785,0.006066734040857569,0.9841179620867291,0.6817979551150605,0.031511836698263296,0.5351515484009219,56.3084046673865,12.838743484320283,0.028763696320486965,0.6874152928161046,1.093901662726441,1.0336182724583236,1.2405473613647846,1.473279711527643,1.441616199647399,1.665593205911026,51.022545503096765,0.5190395623555265,0.9202065687520885,0.8856097833208106,0.9011168702083664,0.01908969854372211,4.97980675920001,4.846460442179572,0.07954041059884213
0.06,6.0,2.2184619569356445,9.193180479244251,1423.9494213327732,1.749849900863353,1.7503658501133466,1.3991265092898892,1.407393724678911,0.03121692594125025,107.72849161673302,0.020460965198795436,3.521813949653755,0.00028977409293273217,0.005809780269854131,0.9914075517119574,0.8059864462714769,0.017111066408502573,0.35038584842667575,58.74490725352882,13.119586471358152,0.02931446804619294,0.7309535762311332,1.5212074587060291,1.4755090679476912,1.6411726955974597,1.9083460980488458,1.874744730447283,2.082925887359327,49.2236367597137,0.49077590822833655,0.924488315378005,0.891513947629925,0.9062784090581485,0.018209906319856528,5.009943115051829,4.882352760892971,0.07587460966606888
0.06,6.0,2.442431890589151,11.500975876432902,2445.415846090409,2.2342146117890858,2.234838414797913,1.881473963366885,1.8922296782521022,0.032000272344286707,117.86419166516552,0.022043941524233696,3.955806757869227,0.00027150122435145256,0.00557255267345454,0.9949287484789782,0.8800493667931364,0.010116785450054233,0.22551311200699964,60.68957606129158,13.395931215018617,0.030035293187631665,0.7697627412636152,2.0110746812659763,1.9695921989950682,2.1149918558515797,2.3906836686099995,2.365930773698939,2.552649602181549,47.18744961338347,0.4640513162508529,0.9284820848812334,0.8969782452615508,0.911070213924041,0.017411870957192432,5.038128326882593,4.91578139258724,0.07254946232163514
0.06,6.0,2.6664018242426577,14.388105009895924,3801.1106240536883,2.777451052688472,2.778197763586502,2.411716003225415,2.4250914319428625,0.033516473102747746,130.1132648473536,0.023849236705970278,4.466348009535421,0.0002575945899295405,0.005339762296859401,0.996784135884881,0.9228746944755687,0.006421386448231092,0.14830229829662578,62.30625256088602,13.684818371916398,0.03046956403556371,0.8016428375619469,2.553563393710089,2.527932103122645,2.637915970942916,2.936291513240068,2.9133150790971714,3.093748853773235,44.932493958117675,0.43878197870698876,0.9322063278359566,0.9020318236826415,0.9155162924086174,0.016690035427339156,5.064477533666573,4.946891058598629,0.06954181428057982
0.06,6.0,2.8903717578961645,18.0,5535.390264967076,3.3736825477622845,3.3745641246964255,2.9785217207743226,2.994668595158454,0.035715781195017726,145.47057640305474,0.025771489077416998,5.01950346236859,0.0002455189363934337,0.005134270604777313,0.9978361471921146,0.947678369722742,0.004323023356796685,0.1019057075596459,63.820103325260476,13.95598913457476,0.03008775482541054,0.8275136687084905,3.1488679068421415,3.1372937910527963,3.229669751344176,3.5364557388899445,3.5130422181025027,3.692835090696339,42.49963666560322,0.41488865152565224,0.9356779447103747,0.9067010648876387,0.919638479969847,0.016039464740527642,5.08909707611188,4.9758146567638635,0.06683110308553185
