Vcem_fraction,Vcem_percent,phi,Cn_fixed,beta_endpoint_K,beta_endpoint_G,beta_contact_K,beta_HS_path_K,beta_total_K,beta_contact_G,beta_HS_path_G,beta_total_G,dlnK_dln_a,dlnG_dln_a,dlnK_dphib,dlnG_dphib,dlnK_dlnCn_fixed,dlnG_dlnCn_fixed
0.001,0.1,0.08,5.436001877454284,317.22944027599146,311.77751642441245,314.5548985946196,-3.8470260634573092,310.7078725311623,312.10151444280217,-3.4487799572068525,308.6527344855953,0.4944880268809015,0.5180826244455261,1.5119048661915713,1.4312274121408564,0.5166281473734102,0.5445159384720455
0.001,0.1,0.09571428571428571,5.436001877454284,317.22944027599146,311.77751642441245,314.6236788377077,-3.9422953017532545,310.68138353595447,312.0905511818711,-3.504729073792721,308.5858221080784,0.5433464776771757,0.5678460745173197,1.7020590075134123,1.5942061040163935,0.5675797734028265,0.5968343691264977
0.001,0.1,0.11142857142857143,5.436001877454284,317.22944027599146,311.77751642441245,314.6959520662557,-4.042402929782314,310.6535491364734,312.0792264321359,-3.5625234365548692,308.516702995581,0.5851663349432101,0.6101650903644895,1.8791774181181609,1.741326601134574,0.6111580136192174,0.6413314888931154
0.001,0.1,0.12714285714285714,5.436001877454284,317.22944027599146,311.77751642441245,314.771991450338,-4.147727129569415,310.6242643207686,312.0675217895563,-3.622255864832603,308.4452659247237,0.6215120048835843,0.6467001924193028,2.0474043704865608,1.8766079463716778,0.648998797991851,0.679752184673532
0.001,0.1,0.14285714285714285,5.436001877454284,317.22944027599146,311.77751642441245,314.8520993299311,-4.258686568263705,310.59341276166737,312.0554179770931,-3.6840254994437576,308.37139247764935,0.6535324303058587,0.6786598417463096,2.2099183940582634,2.003009736739614,0.6823032860481247,0.7133663373792841
0.001,0.1,0.15857142857142856,5.436001877454284,317.22944027599146,311.77751642441245,314.9366109231784,-4.375745941485639,310.56086498169276,312.0428941842404,-3.7479383789780423,308.29495580526236,0.682092549908475,0.7069451298136186,2.3692574977474123,2.1227744912977187,0.7119753902884439,0.7431208588926096
0.001,0.1,0.17428571428571427,5.436001877454284,317.22944027599146,311.77751642441245,315.0259000542386,-4.499422468893622,310.526477585345,312.02992838255847,-3.814108013742285,308.2158203688162,0.7078581754527135,0.7322423130062815,2.5275326400731046,2.237646953062722,0.7387105585010544,0.7697369243331308
0.001,0.1,0.19,5.436001877454284,317.22944027599146,311.77751642441245,315.12038317374373,-4.630293548979282,310.49008962476444,312.01649629633874,-3.8826560791109084,308.1338402172278,0.7313525420826749,0.7550838857284247,2.6865740352377543,2.3490192617714456,0.763054920227546,0.7937741481001125
0.001,0.1,0.20571428571428568,5.436001877454284,317.22944027599146,311.77751642441245,315.22052715917624,-4.769005790747767,310.4515213684285,312.00257263801956,-3.9537131649930677,308.0488594730265,0.7529950675433382,0.7758900192555983,2.84803615890894,2.458029879193191,0.7854458104361582,0.8156741246878595
0.001,0.1,0.22142857142857142,5.436001877454284,317.22944027599146,311.77751642441245,315.32685673095193,-4.9162856457686965,310.4105710851832,311.98812987026065,-4.027419587386749,307.9607102828739,0.7731286176593243,0.7949973586107716,3.0134771620282663,2.5656328137557693,0.8062402653052912,0.8357906903455613
0.001,0.1,0.2371428571428571,5.436001877454284,317.22944027599146,311.77751642441245,315.4399630699739,-5.072952200880596,310.3670108690933,311.973138329774,-4.103926334283739,307.8692119954902,0.792039181085613,0.8126794771357025,3.1844228516320072,2.672647335444367,0.8257355702312451,0.8544114164621418
0.001,0.1,0.25285714285714284,5.436001877454284,317.22944027599146,311.77751642441245,315.5605152358776,-5.239932350663997,310.3205828852136,311.95756618439333,-4.183396084533872,307.7741700998595,0.8099704432495968,0.829161684379187,3.362421884034461,2.7797945296725857,0.8441844608242376,0.8717731699192653
0.001,0.1,0.26857142857142857,5.436001877454284,317.22944027599146,311.77751642441245,315.6892737569903,-5.418279209811919,310.27099454717836,311.94137908961585,-4.266004362747319,307.67537472686854,0.8271348939103972,0.844631943408558,3.549097302268933,2.8877249036440844,0.8618066864585215,0.8880735860472554
0.001,0.1,0.28428571428571425,5.436001877454284,317.22944027599146,311.77751642441245,315.8271059797664,-5.609194306814262,310.2179116729521,311.9245398642706,-4.351940848247111,307.5725990160235,0.8437225810453696,0.8592490502223881,3.7461983222186745,2.997039798557921,0.8787980995350607,0.9034796647711117
0.001,0.1,0.3,5.436001877454284,317.22944027599146,311.77751642441245,315.9750061761,-5.814054699660592,310.16095147643944,311.9070082426212,-4.441410805333317,307.4655974372879,0.8599083001215034,0.8731488614799331,3.9556561404197055,3.1083084746086342,0.8953380872256388,0.9181343159525567
0.005214285714285714,0.5214285714285714,0.08,5.436001877454284,59.81957700986147,58.70685607040638,59.3288230102535,-3.847749888823853,55.481073121429645,58.76467608203769,-3.344768175471603,55.41990790656609,0.40440593895851856,0.42724116156023223,1.257487888040032,1.1659178387191105,0.42791271841480233,0.4553898563131042
0.005214285714285714,0.5214285714285714,0.09571428571428571,5.436001877454284,59.81957700986147,58.70685607040638,59.34282511179597,-3.9343727929746177,55.40845231882135,58.76257686577942,-3.3926997207144107,55.36987714506501,0.45324505943966636,0.477851189017997,1.440739799463131,1.3227642412516616,0.4795042707783636,0.509348242516694
0.005214285714285714,0.5214285714285714,0.11142857142857143,5.436001877454284,59.81957700986147,58.70685607040638,59.357472153658705,-4.024985737629175,55.33248641602953,58.760416614776695,-3.442024976730357,55.318391638046336,0.49661787357990755,0.5225299373634584,1.6145685126645049,1.4675250152862418,0.5252909240027748,0.5569876169175814
0.005214285714285714,0.5214285714285714,0.12714285714285714,5.436001877454284,59.81957700986147,58.70685607040638,59.37280982210108,-4.119870914057671,55.25293890804341,58.75819266297241,-3.492805645054043,55.26538701791837,0.5355456501376921,0.5623714733005158,1.781712745341224,1.6027820066710774,0.566354512265832,0.5994738280890033
0.005214285714285714,0.5214285714285714,0.14285714285714285,5.436001877454284,59.81957700986147,58.70685607040638,59.38888804708356,-4.2193377480852154,55.169550298998345,58.75590209142335,-3.5451070949675425,55.21079499645581,0.5708274521509793,0.5982241782831466,1.9444157590697841,1.7305613777551798,0.6035412107863181,0.6377109384558821
0.005214285714285714,0.5214285714285714,0.15857142857142856,5.436001877454284,59.81957700986147,58.70685607040638,59.40576189094036,-4.3237263050552315,55.08203558588513,58.75354188398431,-3.598998684804047,55.15454319918027,0.6030996326344962,0.6307566934538045,2.104572411454342,1.8524849458856352,0.637524591873273,0.6724114914646862
0.005214285714285714,0.5214285714285714,0.17428571428571427,5.436001877454284,59.81957700986147,58.70685607040638,59.423491806789,-4.4334111405476975,54.990080666241305,58.75110878099244,-3.65455404970398,55.09655473128846,0.6328775521424745,0.6605037745188724,2.26383471968461,1.9698756421604458,0.6688498366713702,0.7041453740086466
0.005214285714285714,0.5214285714285714,0.19,5.436001877454284,59.81957700986147,58.70685607040638,59.44214470092429,-4.5488058255091515,54.89333887541514,58.748599411419804,-3.71185145098803,55.036747960431775,0.6605854956376334,0.6878988603631341,2.4236904181407226,2.0838326779681893,0.6979654282091018,0.7333745193349727
0.005214285714285714,0.5214285714285714,0.20571428571428568,5.436001877454284,59.81957700986147,58.70685607040638,59.46179456505422,-4.67036812383445,54.79142644121977,58.746010101780065,-3.77097412907423,54.97503597270583,0.6865785890042274,0.71329764708139,2.585523809273127,2.195286228356963,0.7252463635865068,0.7604780286385447
0.005214285714285714,0.5214285714285714,0.22142857142857142,5.436001877454284,59.81957700986147,58.70685607040638,59.482523486031894,-4.7986060889367135,54.68391739709518,58.7433369659064,-3.832010716494225,54.91132624941218,0.7111591990849319,0.7369954506231123,2.7506651960607087,2.30503801823545,0.7510115114683912,0.7857706716407619
0.005214285714285714,0.5214285714285714,0.2371428571428571,5.436001877454284,59.81957700986147,58.70685607040638,59.50442291564682,-4.934085137952382,54.57033777769444,58.74057586843068,-3.895055668923929,54.84552019950675,0.7345894863064472,0.759240194447841,2.9204332463450555,2.413792008937321,0.7755368839568176,0.8095167265409485
0.005214285714285714,0.5214285714285714,0.25285714285714284,5.436001877454284,59.81957700986147,58.70685607040638,59.52759481510763,-5.077436400816817,54.45015841429082,58.737722404675566,-3.9602097777312526,54.777512626944315,0.7571012474727467,0.7802422684832776,3.096173596617291,2.522178082386972,0.7990660314760588,0.8319404861012457
0.005214285714285714,0.5214285714285714,0.26857142857142857,5.436001877454284,59.81957700986147,58.70685607040638,59.55215349098401,-5.229366554709858,54.322786936274156,58.73477184684283,-4.027580684094045,54.707191162748785,0.77890386425139,0.8001821157677113,3.279296283409394,2.630770650213776,0.8218184158081953,0.8532343429124011
0.005214285714285714,0.5214285714285714,0.28428571428571425,5.436001877454284,59.81957700986147,58.70685607040638,59.578227173704164,-5.390669457411979,54.18755771629218,58.73171917157178,-4.09728348231501,54.634435689256776,0.8001909462151956,0.8192161509157357,3.471314354186461,2.740103639098379,0.8439963929518511,0.8735650963487273
0.005214285714285714,0.5214285714285714,0.3,5.436001877454284,59.81957700986147,58.70685607040638,59.60596060240113,-5.56224004315796,54.04372055924317,58.7285589564764,-4.169441371440939,54.55911758503546,0.8211461244300721,0.8374814328249157,3.6738859279239477,2.850682820465522,0.8657912736964589,0.8930789336503152
0.009428571428571429,0.9428571428571428,0.08,5.436001877454284,32.784903650173675,32.12866285239045,32.51022710876783,-3.85960698477184,28.65062012399599,32.16056613312751,-3.307638314413197,28.852927818714313,0.37547247888625174,0.39745170692384585,1.1819396537049442,1.0838590505102275,0.40010128241618753,0.4270465932876277
0.009428571428571429,0.9428571428571428,0.09571428571428571,5.436001877454284,32.784903650173675,32.12866285239045,32.51848283318042,-3.9431155513339897,28.575367281846432,32.159363040675345,-3.352538100563551,28.806824940111795,0.42367025070433323,0.4476293467448044,1.3621700016841487,1.2373112117103346,0.4513728210753242,0.4809743463951576
0.009428571428571429,0.9428571428571428,0.11142857142857143,5.436001877454284,32.784903650173675,32.12866285239045,32.52710373202329,-4.030317698294978,28.496786033728313,32.158126853923584,-3.398673661240544,28.75945319268304,0.46702508100793233,0.4925050998139113,1.534363308408615,1.3801413469849422,0.49746157024799226,0.5292086131092333
0.009428571428571429,0.9428571428571428,0.12714285714285714,5.436001877454284,32.784903650173675,32.12866285239045,32.53611454038771,-4.121464028306381,28.414650512081327,32.15685616959495,-3.44609671576429,28.71075945383066,0.5063858230514029,0.5329855454760946,1.7008322306111268,1.514479583519801,0.5392731694087161,0.5727231940255706
0.009428571428571429,0.9428571428571428,0.14285714285714285,5.436001877454284,32.784903650173675,32.12866285239045,32.54554233209413,-4.216828329414571,28.328714002679558,32.155549513112554,-3.494861924093748,28.660687589018806,0.5424317130575673,0.5697895174350265,1.8635180065729173,1.6420359258972894,0.577532014567339,0.6122902405536479
0.009428571428571429,0.9428571428571428,0.15857142857142856,5.436001877454284,32.784903650173675,32.12866285239045,32.55541675750913,-4.316710329466686,28.23870642804244,32.1542053580481,-3.545027082211245,28.609178275836857,0.5757149246221616,0.603494947171157,2.024096660946384,1.7642069458645437,0.6128266896610057,0.6485305684478249
0.009428571428571429,0.9428571428571428,0.17428571428571427,5.436001877454284,32.784903650173675,32.12866285239045,32.565770321581155,-4.421438841131657,28.144331480449498,32.15282203442476,-3.596653348120674,28.556168686304083,0.6066912954239001,0.6345724138157038,2.1840578803278277,1.8821524037093695,0.6456427641410301,0.6819496947585434
0.009428571428571429,0.9428571428571428,0.19,5.436001877454284,32.784903650173675,32.12866285239045,32.57663874814987,-4.531375380257043,28.045263367892826,32.15139783389484,-3.649805507474529,28.50159232642031,0.6357429649384017,0.6634096138213863,2.344765659856307,1.996851352714657,0.676386948228469,0.7129641190317669
0.009428571428571429,0.9428571428571428,0.20571428571428568,5.436001877454284,32.784903650173675,32.12866285239045,32.58806142506682,-4.646918340447778,27.941143084619043,32.14993090368701,-3.704552218790475,28.445378684896532,0.6631953858970974,0.6903294989868413,2.507506824400707,2.1091439528220235,0.7054052352017947,0.7419208071013371
0.009428571428571429,0.9428571428571428,0.22142857142857142,5.436001877454284,32.784903650173675,32.12866285239045,32.60008187093693,-4.768507801856503,27.831574069080432,32.14841930765825,-3.760966334161166,28.387452973497084,0.6893303723387588,0.7156039268707558,2.673531676933294,2.219763214128534,0.7329968067182334,0.7691118522501482
0.009428571428571429,0.9428571428571428,0.2371428571428571,5.436001877454284,32.784903650173675,32.12866285239045,32.612748266986884,-4.896631154493238,27.716117112493645,32.14686095386291,-3.81912520182015,28.327735752042763,0.714396330536715,0.7394640762825587,2.8440899093595817,2.3293594875184453,0.7594249238351835,0.794785664126607
0.009428571428571429,0.9428571428571428,0.25285714285714284,5.436001877454284,32.784903650173675,32.12866285239045,32.62611410757767,-5.031829605159822,27.59428450241785,32.14525364017083,-3.879111032293096,28.266142607877732,0.7386164890377244,0.7621084989750669,3.0204641614517413,2.438519718594989,0.7849256732583852,0.8191556167602697
0.009428571428571429,0.9428571428571428,0.26857142857142857,5.436001877454284,32.784903650173675,32.12866285239045,32.64023898427014,-5.174705840684993,27.465533143585148,32.143595030458386,-3.941011295583695,28.20258373487469,0.7621957216485952,0.7837094226914586,3.2040033168811988,2.547782870010451,0.8097152010222429,0.8424068196788425
0.009428571428571429,0.9428571428571428,0.28428571428571425,5.436001877454284,32.784903650173675,32.12866285239045,32.655189434784425,-5.325932989262505,27.32925644552192,32.14188264582836,-4.004919119909705,28.136963525918656,0.7853264119006552,0.8044177446819843,3.396157378432463,2.6576524980725935,0.833995911797558,0.8647014823282005
0.009428571428571429,0.9428571428571428,0.3,5.436001877454284,32.784903650173675,32.12866285239045,32.67104002703874,-5.486265243360341,27.1847747836784,32.140113796457854,-4.070933780110408,28.069180016347445,0.8081937204806876,0.8243670356122833,3.5985158977069887,2.7686072900934278,0.8579620139670395,0.8861832169415605
0.01364285714285714,1.364285714285714,0.08,5.436001877454284,22.508313785732298,22.03137332858794,22.316090146317233,-3.8776064923416396,18.438483653975595,22.053468274108848,-3.2901401043221505,18.763328169786696,0.3591215799403357,0.38045600145863995,1.1434621853823046,1.0401036227847271,0.3846690557196552,0.4112414568879785
0.01364285714285714,1.364285714285714,0.09571428571428571,5.436001877454284,22.508313785732298,22.03137332858794,22.32210042514972,-3.9594615285462966,18.362638896603425,22.052609665490646,-3.3332578140277165,18.71935185146293,0.40685315099153735,0.4302606228634431,1.322432247263805,1.1917226512281331,0.43570624050914825,0.46509005109385265
0.01364285714285714,1.364285714285714,0.11142857142857143,5.436001877454284,22.508313785732298,22.03137332858794,22.328369931794494,-4.044846952949265,18.28352297884523,22.051728218151577,-3.377520663600303,18.674207554551273,0.45012089753271306,0.4751505253253185,1.4942006743012826,1.333586757468197,0.4819386820287263,0.5136295554208914
0.01364285714285714,1.364285714285714,0.12714285714285714,5.436001877454284,22.508313785732298,22.03137332858794,22.334915799169494,-4.133996201746672,18.20091959742282,22.050823041503566,-3.422974870283994,18.627848171219572,0.48967858230497535,0.5159270983767783,1.6608543180751667,1.4675804678176974,0.5241748086248776,0.5577259294398118
0.01364285714285714,1.364285714285714,0.14285714285714285,5.436001877454284,22.508313785732298,22.03137332858794,22.34175671304274,-4.227163749604582,18.11459296343816,22.04989319485394,-3.469669208188357,18.580223986665583,0.5261376507803561,0.5532343164915687,1.8241721111422748,1.5952375722605439,0.5630701229719648,0.5980750515277578
0.01364285714285714,1.364285714285714,0.15857142857142856,5.436001877454284,22.508313785732298,22.03137332858794,22.348913071991216,-4.324627539476458,18.02428553251476,22.048937613157584,-3.51765511858001,18.531282494577574,0.5600015494877653,0.5875962107992905,1.9857117656840728,1.7178263203021515,0.5991640373181895,0.6352432087908255
0.01364285714285714,1.364285714285714,0.17428571428571427,5.436001877454284,22.508313785732298,22.03137332858794,22.35640724148899,-4.426691758501068,17.929715482987923,22.04795522924319,-3.5669869392056257,18.480968290037563,0.591690952234103,0.619444190874674,2.1468755768694336,1.836411748001865,0.632906941611111,0.669696616029114
0.01364285714285714,1.364285714285714,0.19,5.436001877454284,22.508313785732298,22.03137332858794,22.364263689407572,-4.533689998391173,17.830573691016397,22.046944902378286,-3.617722110238417,18.429222792139868,0.6215626596528523,0.649137289876478,2.3089621308258756,1.9519020604263915,0.6646804777687976,0.7018232922817446
0.01364285714285714,1.364285714285714,0.20571428571428568,5.436001877454284,22.508313785732298,22.03137332858794,22.372509342637407,-4.645988903100926,17.726520439536483,22.045905426124005,-3.6699213738010035,18.375984052323002,0.6499240349455704,0.6769773941428525,2.473208583708697,2.065083723579164,0.6948130128137108,0.7319495166413502
0.01364285714285714,1.364285714285714,0.22142857142857142,5.436001877454284,22.508313785732298,22.03137332858794,22.38117384361439,-4.763992360510991,17.6171814831034,22.044835502359163,-3.7236490317453255,18.32118647061384,0.6770442553261091,0.7032208559465402,2.64082687095879,2.176648477458798,0.7235916905656835,0.7603523769716957
0.01364285714285714,1.364285714285714,0.2371428571428571,5.436001877454284,22.508313785732298,22.03137332858794,22.390289969658717,-4.888146381366878,17.502143588291837,22.043733799695055,-3.7789732086832526,18.2647605910118,0.7031632847542822,0.7280874667614511,2.813036376281275,2.2872144569419106,0.7512720275215655,0.7872694645527644
0.01364285714285714,1.364285714285714,0.25285714285714284,5.436001877454284,22.508313785732298,22.03137332858794,22.3998939578903,-5.018944691302879,17.38094926658742,22.042598858017193,-3.835966138520504,18.20663271949669,0.7284992182832183,0.7517674708523713,2.9910950534173253,2.397342996118823,0.7780857560035769,0.8129064553941133
0.01364285714285714,1.364285714285714,0.26857142857142857,5.436001877454284,22.508313785732298,22.03137332858794,22.410026045351245,-5.156935328679509,17.253090716671736,22.04142915617661,-3.894704477778183,18.146724678398424,0.7532544895383352,0.7744271169229932,3.176330828580376,2.507552231634236,0.8042474330949289,0.83744310774847
0.01364285714285714,1.364285714285714,0.28428571428571425,5.436001877454284,22.508313785732298,22.03137332858794,22.420731032288796,-5.30272829800312,17.118002734285675,22.040223079334687,-3.9552696603338844,18.084953419000804,0.7776213196919456,0.7962131011396422,3.370174921357716,2.6183283523550926,0.829960223924786,0.8610380644924475
0.01364285714285714,1.364285714285714,0.3,5.436001877454284,22.508313785732298,22.03137332858794,22.43205890468787,-5.4570046001021195,16.97505430458575,22.038978897145977,-4.017748249751936,18.02123064739404,0.8017867170195813,0.8172561658525977,3.5741989048432288,2.730135074457962,0.855421187573313,0.8838327431703873
0.017857142857142856,1.7857142857142856,0.08,5.436001877454284,17.104569480377787,16.724832780355666,16.95612266803982,-3.89970305381838,13.056419614221442,16.74175222386778,-3.2830139193513985,13.458738304516382,0.3483126223002841,0.36914035934643147,1.1215076423098935,1.0134244554649285,0.3746661146664109,0.40097231455149535
0.017857142857142856,1.7857142857142856,0.09571428571428571,5.436001877454284,17.104569480377787,16.724832780355666,16.960922746670203,-3.980635570267732,12.98028717640247,16.741077134423968,-3.3249525127197526,13.416124621704215,0.3957162183709783,0.4186654871674022,1.3002139738205187,1.1641186485888966,0.42556382204850246,0.4547822438638604
0.017857142857142856,1.7857142857142856,0.11142857142857143,5.436001877454284,17.104569480377787,16.724832780355666,16.965926278308412,-4.0649985424368795,12.900927735871534,16.740384579193,-3.367976459917982,13.37240811927502,0.4389210305433266,0.4635474992298327,1.4723031611652004,1.3056473591177564,0.4719205870529208,0.5035521018825762
0.017857142857142856,1.7857142857142856,0.12714285714285714,5.436001877454284,17.104569480377787,16.724832780355666,16.97114648429151,-4.153014807222577,12.818131677068932,16.739673882785706,-3.4121284374445575,13.327545445341148,0.47861886134370474,0.5045183385732344,1.6397216935359893,1.4397376766339676,0.5144815506952227,0.5480766780863178
0.017857142857142856,1.7857142857142856,0.14285714285714285,5.436001877454284,17.104569480377787,16.724832780355666,16.976597762570677,-4.244926929458154,12.731670833112522,16.738944302279847,-3.457453404098596,13.281490898181252,0.5153763817489221,0.542171694384308,1.8041477787278382,1.5678089795301275,0.5538567773299974,0.5890006557152105
0.017857142857142856,1.7857142857142856,0.15857142857142856,5.436001877454284,17.104569480377787,16.724832780355666,16.982295785474815,-4.3409994137926935,12.64129637168212,16.738195071849514,-3.503998723629055,13.23419634822046,0.5496644940095052,0.5769948064227037,1.9670665185600456,1.69104534819553,0.5905529086192018,0.6268531434372449
0.017857142857142856,1.7857142857142856,0.17428571428571427,5.436001877454284,17.104569480377787,16.724832780355666,16.988257698855577,-4.441521284746084,12.546736414109493,16.73742538955749,-3.551814361673697,13.185611027883793,0.581880194872042,0.6093919411753745,2.1298279335724146,1.8104492163217856,0.6249967237081933,0.6620731657136503
0.017857142857142856,1.7857142857142856,0.19,5.436001877454284,17.104569480377787,16.724832780355666,16.99450227043721,-4.5468089583933216,12.447693312043889,16.736634426779894,-3.6009530388004625,13.135681387979432,0.6123631543175634,0.6397019863157993,2.2936932921879816,1.9268817457174237,0.6575529978292138,0.6950287664508891
0.017857142857142856,1.7857142857142856,0.20571428571428568,5.436001877454284,17.104569480377787,16.724832780355666,17.001050090144687,-4.657209589747906,12.34384050039678,16.735821247579,-3.651470439763006,13.084350807815994,0.6414085326866825,0.668211820809006,2.459873675419999,2.0410937384696126,0.6885382987320553,0.726031528941462
0.017857142857142856,1.7857142857142856,0.22142857142857142,5.436001877454284,17.104569480377787,16.724832780355666,17.00792379435245,-4.773104896239394,12.234818898113057,16.734984947147957,-3.7034254141677367,13.031559532980221,0.6692770952554383,0.6951666112087195,2.6295635766615533,2.1537496355250596,0.7182318629617156,0.7553477514576911
0.017857142857142856,1.7857142857142856,0.2371428571428571,5.436001877454284,17.104569480377787,16.724832780355666,17.015148340973642,-4.89491554563985,12.120232795333791,16.73412449811298,-3.7568802169216715,12.977244281191307,0.6962033841872993,0.7207778315532208,2.803971719700371,2.265446493510126,0.7468843696400994,0.7832071606372891
0.017857142857142856,1.7857142857142856,0.25285714285714284,5.436001877454284,17.104569480377787,16.724832780355666,17.022751283266338,-5.023106285792622,11.999644997473716,16.733238849577827,-3.8119007357512658,12.921338113826561,0.7224025054597404,0.7452295909260441,2.9843509476989993,2.3767291867926588,0.7747252134038262,0.8098097792341717
0.017857142857142856,1.7857142857142856,0.26857142857142857,5.436001877454284,17.104569480377787,16.724832780355666,17.030763153823557,-5.1581918453188225,11.872571308504735,16.73232686898595,-3.8685567868397497,12.8637700821462,0.748075956025218,0.7686836767106796,3.1720287374525924,2.488102861519792,0.8019687296467736,0.8353314047582215
0.017857142857142856,1.7857142857142856,0.28428571428571425,5.436001877454284,17.104569480377787,16.724832780355666,17.039217864376155,-5.300743872536883,11.738473991839271,16.73138737179313,-3.92692240146257,12.80446497033056,0.7734168276485319,0.7912836238688213,3.368440006923379,2.6000432882256064,0.8288197355099668,0.8599280276300191
0.017857142857142856,1.7857142857142856,0.3,5.436001877454284,17.104569480377787,16.724832780355666,17.04815315790131,-5.451398980626645,11.596754177274665,16.73041908558442,-3.987076136844036,12.743342948740382,0.7986146746574717,0.8131580337078502,3.575163864510955,2.713005672561053,0.8554786921521894,0.8837394370075912
0.022071428571428568,2.207142857142857,0.08,5.436001877454284,13.775732499275344,13.457538719130216,13.654542324534004,-3.9249169982333965,9.729625326300608,13.471252050802473,-3.282591142257679,10.188660908544794,0.3406188604060389,0.36103469476245204,1.1090001006408556,0.996477128367701,0.36770848659273264,0.3938228658739717
0.022071428571428568,2.207142857142857,0.09571428571428571,5.436001877454284,13.775732499275344,13.457538719130216,13.658581067809179,-4.005381076583822,9.653199991225357,13.470691478993878,-3.3237123844855496,10.146979094508328,0.3877965058407539,0.41036007552008863,1.2881063273795235,1.1468542062686993,0.4185430778846921,0.4476421995747159
0.022071428571428568,2.207142857142857,0.11142857142857143,5.436001877454284,13.775732499275344,13.457538719130216,13.662788864189952,-4.089213370616854,9.573575493573099,13.470116664920768,-3.3658769549786585,10.10423970994211,0.4309745344599491,0.4552462986140426,1.4610382610413808,1.288495383278132,0.46503442003853473,0.4966227708180781
0.022071428571428568,2.207142857142857,0.12714285714285714,5.436001877454284,13.775732499275344,13.457538719130216,13.667176571430442,-4.176629885952439,9.490546685478003,13.4695270905525,-3.4091250765540613,10.060402013998438,0.4708008697562604,0.49637551118308915,1.6296487501676893,1.4230183467134339,0.5078829232729731,0.5415084093129963
0.022071428571428568,2.207142857142857,0.14285714285714285,5.436001877454284,13.775732499275344,13.457538719130216,13.671755967785362,-4.267865509928666,9.403890457856697,13.46892215948655,-3.453499043394338,10.015423116092212,0.5078102335076551,0.5343049283013102,1.7955497426669353,1.551762462526085,0.5476663176295915,0.5829067351470485
0.022071428571428568,2.207142857142857,0.15857142857142856,5.436001877454284,13.775732499275344,13.457538719130216,13.676539892090753,-4.363176110620367,9.313363781470386,13.46830127602451,-3.4990434123382843,9.969257863686225,0.5424501946293958,0.5694948216117268,1.9601799401414155,1.6758527348059715,0.58486783665046,0.6213196735771476
0.022071428571428568,2.207142857142857,0.17428571428571427,5.436001877454284,13.775732499275344,13.457538719130216,13.681542375014647,-4.462840929559504,9.218701445455142,13.467663790772196,-3.545805102630446,9.92185868814175,0.5751007540411024,0.6023293723345091,2.1248576924648432,1.7962476022148621,0.6198973999005375,0.6571661936405349
0.022071428571428568,2.207142857142857,0.19,5.436001877454284,13.775732499275344,13.457538719130216,13.686778738851348,-4.567165321486696,9.119613417364652,13.46700905295528,-3.593833586315111,9.87317546664017,0.6060893380066545,0.63313243376939,2.290823845285672,1.9137752680364883,0.6531078222238307,0.690799492986116
0.022071428571428568,2.207142857142857,0.20571428571428568,5.436001877454284,13.775732499275344,13.457538719130216,13.692265773837327,-4.676483882401712,9.015781891435616,13.466336324803557,-3.6431810348170055,9.823155289986552,0.6357025050363063,0.6621796025285676,2.4592779119814168,2.0291617133239015,0.6848074583842844,0.7225201631655408
0.022071428571428568,2.207142857142857,0.22142857142857142,5.436001877454284,13.775732499275344,13.457538719130216,13.69802191468934,-4.7911640195005,8.906857895188839,13.465644859466092,-3.693902549804362,9.77174230966173,0.6641952777997062,0.6897075818912412,2.6314100587399025,2.143052659775435,0.7152702712787117,0.7525863964019662
0.022071428571428568,2.207142857142857,0.2371428571428571,5.436001877454284,13.775732499275344,13.457538719130216,13.704067479606195,-4.911610096959892,8.792457382646303,13.464933871290787,-3.746056323407957,9.71887754788283,0.6917987681376302,0.7159215279273211,2.8084309100506744,2.2560310100061542,0.744744043501555,0.7812219969594024
0.022071428571428568,2.207142857142857,0.25285714285714284,5.436001877454284,13.775732499275344,13.457538719130216,13.710424834992388,-5.038268172802083,8.672156662190304,13.464202523109392,-3.7997038974826602,9.664498625626733,0.7187265886443582,0.7410008779018539,2.9916008248420667,2.36863098557194,0.7734572704976016,0.8086227373027554
0.022071428571428568,2.207142857142857,0.26857142857142857,5.436001877454284,13.775732499275344,13.457538719130216,13.717118748936219,-5.171631550706342,8.545487198229877,13.463449917500828,-3.8549103778309974,9.608539539669831,0.7451804361124913,0.7651040281331233,3.1822602011288836,2.481349731908722,0.8016251397791051,0.8349614597946696
0.022071428571428568,2.207142857142857,0.28428571428571425,5.436001877454284,13.775732499275344,13.457538719130216,13.72417667644948,-5.312247176554927,8.411929499894551,13.462675126699772,-3.911744715776302,9.55093041092347,0.7713551566368436,0.7883721304224877,3.3818623457193553,2.594657074084239,0.8294549392218186,0.8603922156069642
0.022071428571428568,2.207142857142857,0.3,5.436001877454284,13.775732499275344,13.457538719130216,13.731629143562659,-5.460723144369036,8.270905999193623,13.461877142510586,-3.970279989959587,9.491597152550998,0.7974435606072915,0.810932206185555,3.5920106302711474,2.709003872780613,0.8571511745714132,0.885053663601809
0.026285714285714284,2.6285714285714286,0.08,5.436001877454284,11.520923048067361,11.245457132502422,11.418391420978168,-3.952701140915189,7.4656902800629785,11.256985370925392,-3.2870098385429247,7.969975532382467,0.33491983408850956,0.3549927052759471,1.1026816455483868,0.985867515623795,0.36269910044239845,0.38867655014485075
0.026285714285714284,2.6285714285714286,0.09571428571428571,5.436001877454284,11.520923048067361,11.245457132502422,11.421905219763566,-4.033014797870251,7.388890421893315,11.256503184080543,-3.3275581681457607,7.928945015934783,0.38194939122604404,0.40418345044201937,1.2826770117158048,1.1363730099134273,0.4135315593956079,0.4425494374515892
0.026285714285714284,2.6285714285714286,0.11142857142857143,5.436001877454284,11.520923048067361,11.245457132502422,11.425564764890519,-4.116659869863064,7.308904895027455,11.256008967880838,-3.3691193905297703,7.886889577351068,0.42513578915048805,0.4490946764690306,1.4568512192170147,1.2784687104527848,0.4601755160038578,0.4917403968462963
0.026285714285714284,2.6285714285714286,0.12714285714285714,5.436001877454284,11.520923048067361,11.245457132502422,11.429379324856624,-4.203848041305486,7.225531283551138,11.255502233399127,-3.411731949941461,7.843770283457666,0.4650943232320514,0.4903710115300441,1.6269927840539822,1.4136927752872452,0.5032982230090965,0.536954958363367
0.026285714285714284,2.6285714285714286,0.14285714285714285,5.436001877454284,11.520923048067361,11.245457132502422,11.433358967517314,-4.294809306937541,7.138549660579773,11.254982527895095,-3.455436238770444,7.799546289124651,0.5023358781386378,0.5285419682365955,1.7946694494952453,1.5433263165220978,0.54345338380557,0.5787726776063096
0.026285714285714284,2.6285714285714286,0.15857142857142856,5.436001877454284,11.520923048067361,11.245457132502422,11.437514630527662,-4.38979399542527,7.047720635102392,11.254449330862345,-3.5002747656058237,7.7541745652565215,0.5372906096923202,0.5640471899326371,1.9612906303478894,1.6684513681752833,0.581106859698366,0.617674768221832
0.026285714285714284,2.6285714285714286,0.17428571428571427,5.436001877454284,11.520923048067361,11.245457132502422,11.441858273878474,-4.48907509513072,6.952783178747754,11.253902116406348,-3.5462922563339276,7.70760986007242,0.5703258917577614,0.5972554019351151,2.1281567867958984,1.7899945241595105,0.6166561412612737,0.6540648396224924
0.026285714285714284,2.6285714285714286,0.19,5.436001877454284,11.520923048067361,11.245457132502422,11.446402933010845,-4.592950865107419,6.853452067903426,11.253340317886865,-3.593535838927698,7.659804478959167,0.6017601656083116,0.6284788304000699,2.296499900467097,1.9087603586598334,0.6504453686773104,0.6882846783184958
0.026285714285714284,2.6285714285714286,0.20571428571428568,5.436001877454284,11.520923048067361,11.245457132502422,11.451162896058287,-4.701747810223193,6.7494150858350945,11.25276335390531,-3.6420551677670097,7.6107081861383,0.6318738428490178,0.6579843171650168,2.4675180689825993,2.0254573485090077,0.6827771422024397,0.7206264109882453
0.026285714285714284,2.6285714285714286,0.22142857142857142,5.436001877454284,11.520923048067361,11.245457132502422,11.456153839728104,-4.815824140262045,6.64032969946606,11.252170591591538,-3.6919026289337724,7.560267962657766,0.6609180742245258,0.686001986416329,2.642406547792575,2.1407183385946382,0.7139220103979936,0.7513419912896778
0.026285714285714284,2.6285714285714286,0.2371428571428571,5.436001877454284,11.520923048067361,11.245457132502422,11.46139298760775,-4.935573673564891,6.5258193140428595,11.25156137766599,-3.743133512653759,7.508427865012231,0.6891219859639363,0.7127320861499696,2.8223870245369653,2.255116905658383,0.7441262861007657,0.7806506861385286
0.026285714285714284,2.6285714285714286,0.25285714285714284,5.436001877454284,11.520923048067361,11.245457132502422,11.466899338176257,-5.061430417308588,6.405468920867668,11.250935021933907,-3.7958062205372336,7.455128801396674,0.7166988357454328,0.7383504421198949,3.0087367814957133,2.369180675643179,0.7736186770301855,0.8087450458660327
0.026285714285714284,2.6285714285714286,0.26857142857142857,5.436001877454284,11.520923048067361,11.245457132502422,11.472693858427233,-5.1938737922273654,6.278820066199867,11.250290783720096,-3.849982489270581,7.400308294449515,0.7438514408875107,0.7630128582292172,3.2028191885302704,2.48340235664557,0.8026161168572797,0.8357957215210375
0.026285714285714284,2.6285714285714286,0.28428571428571425,5.436001877454284,11.520923048067361,11.245457132502422,11.478799780007618,-5.333434751863966,6.145365028143652,11.249627891737397,-3.905727626330605,7.343900265406792,0.7707771761289449,0.786858705126292,3.406117121684815,2.5982490416964765,0.8313291100847663,0.8619553920397037
0.026285714285714284,2.6285714285714286,0.3,5.436001877454284,11.520923048067361,11.245457132502422,11.485242896905229,-5.480702900248324,6.004539996656905,11.248945521547782,-3.9631107858396786,7.285834735708104,0.7976727980363306,0.8100138801481193,3.6202710198551813,2.714170250328607,0.8599668710473906,0.8873620059191011
0.0305,3.05,0.08,5.436001877454284,9.893463750657858,9.649536720389994,9.80453687826898,-3.9827213899642464,5.8218154883047335,9.659477918546386,-3.2951882575777764,6.36428966096861,0.3306085035958972,0.3503908777346964,1.100796477970789,0.9797596227656413,0.35904516728635366,0.3849281133838644
0.0305,3.05,0.09571428571428571,5.436001877454284,9.893463750657858,9.649536720389994,9.807666069911155,-4.063125714734253,5.744540355176902,9.659052867935483,-3.3353421311749023,6.32371073676058,0.3775516519866073,0.39950068018157475,1.282068215147092,1.1307420386685862,0.40992533545392,0.4388934758736695
0.0305,3.05,0.11142857142857143,5.436001877454284,9.893463750657858,9.649536720389994,9.810924205220683,-4.146843383197705,5.664080822022978,9.658617333731076,-3.376486683820149,6.282130649910927,0.42077827639985793,0.4444593711738775,1.4578108977758575,1.2735685270826025,0.4567417009937457,0.4883023297708177
0.0305,3.05,0.12714285714285714,5.436001877454284,9.893463750657858,9.649536720389994,9.81431942784234,-4.234083513215804,5.580235914626536,9.658170906916014,-3.4186590199816327,6.239511886934382,0.46087866323318843,0.4858823896114472,1.6297688123501075,1.4097179441563412,0.5001362143985943,0.5338305127722265
0.0305,3.05,0.14285714285714285,5.436001877454284,9.893463750657858,9.649536720389994,9.817860581481893,-4.325073184717904,5.4927873967639895,9.657713200837298,-3.4618981524623447,6.1958150483749534,0.4983454278573162,0.5242775740654793,1.7994809251575816,1.5404281032971312,0.5406442705080394,0.5760357199235955
0.0305,3.05,0.15857142857142856,5.436001877454284,9.893463750657858,9.649536720389994,9.821557271060286,-4.420059449678227,5.401497821382058,9.657243762649918,-3.506245065251572,6.150998697398346,0.5335954323726355,0.560068353827603,1.9683395997560638,1.6667492825916952,0.5787185697769814,0.6153829717803205
0.0305,3.05,0.17428571428571427,5.436001877454284,9.893463750657858,9.649536720389994,9.825419978413532,-4.519311526571631,5.306108451841901,9.656762142047361,-3.5517428958032813,6.10501924624408,0.5669865112523098,0.5936112625448686,2.1376374661485897,1.7895848216653576,0.6147473168738316,0.6522638422268301
0.0305,3.05,0.19,5.436001877454284,9.893463750657858,9.649536720389994,9.829460144562342,-4.62312339510623,5.206336749456112,9.656267853499534,-3.5984370207243153,6.057830832775219,0.5988304636161956,0.6252093360359368,2.3086062874710933,1.909722328718999,0.6490683489346338,0.6870111716850146
0.0305,3.05,0.20571428571428568,5.436001877454284,9.893463750657858,9.649536720389994,9.833690284780564,-4.731816654921586,5.101873629858979,9.655760401554835,-3.646375268135987,6.0093851334188475,0.6294033557452394,0.6551224915440912,2.4824505491238824,2.027858094777457,0.6819803269664247,0.7199104629762586
0.0305,3.05,0.22142857142857142,5.436001877454284,9.893463750657858,9.649536720389994,9.83812412187473,-4.845743900338867,4.992380221535862,9.655239243877926,-3.69560802131171,5.959631222566216,0.6589538752876933,0.683575661319935,2.660377989016638,2.1446163973593,0.7137517975763784,0.7512088147976214
0.0305,3.05,0.2371428571428571,5.436001877454284,9.893463750657858,9.649536720389994,9.842776733948776,-4.965292507187801,4.877484226760975,9.65470382238428,-3.7461884379666617,5.908515384417617,0.6877102888935837,0.7107652415072606,2.8436287422550777,2.2605650791263088,0.7446287249024407,0.7811220017472918
0.0305,3.05,0.25285714285714284,5.436001877454284,9.893463750657858,9.649536720389994,9.847664718426312,-5.090889056061476,4.756775662364836,9.654153537303616,-3.798172614111974,5.855980923191642,0.7158864232081895,0.7368642549465675,3.033504714977653,2.376228254163948,0.7748409483809836,0.8098401455214342
0.0305,3.05,0.26857142857142857,5.436001877454284,9.893463750657858,9.649536720389994,9.852806408211377,-5.223004398295783,4.629802009915594,9.653587770783004,-3.851619814658386,5.801967956124617,0.7436870063770583,0.76202653733759,3.2314006261913164,2.492096916384412,0.804607929083545,0.8375323108822385
0.0305,3.05,0.28428571428571425,5.436001877454284,9.893463750657858,9.649536720389994,9.858222067240696,-5.362159572110304,4.496062495130392,9.653005850883144,-3.9065926859155766,5.746413164967567,0.771312651082212,0.7863901622329194,3.4388383483019425,2.6086379278922323,0.8341440919323871,0.8643502697580628
0.0305,3.05,0.3,5.436001877454284,9.893463750657858,9.649536720389994,9.863934203083728,-5.508932655694787,4.355001547388941,9.652407077795255,-3.963157492646146,5.689249585149109,0.79896473810237,0.8100802817878615,3.657506262300103,2.726301811861731,0.8636640332682076,0.8904316199931371
0.03471428571428571,3.471428571428571,0.08,5.436001877454284,8.664041883925423,8.444434468116414,8.585492421688455,-4.01476281880552,4.570729602882935,8.453169397946589,-3.306442072218524,5.146727325728064,0.3273204443487998,0.34685366543385493,1.1022994517162488,0.9770558957455933,0.3563916484594642,0.38221410090244484
0.03471428571428571,3.471428571428571,0.09571428571428571,5.436001877454284,8.664041883925423,8.444434468116414,8.588327406087622,-4.095451495771018,4.492875910316604,8.452787845743464,-3.346339272755079,5.106448572988384,0.374227651889214,0.3959276462239813,1.2851707840155768,1.1288015695498643,0.40736133364305255,0.43630621657797514
0.03471428571428571,3.471428571428571,0.11142857142857143,5.436001877454284,8.664041883925423,8.444434468116414,8.59127867935394,-4.179450062130114,4.411828617223826,8.45239697305691,-3.3872110671801763,5.065185905876733,0.4175230388980821,0.4409557567086608,1.4627616096163365,1.272591932277578,0.4543697745162944,0.4859438796245285
0.03471428571428571,3.471428571428571,0.12714285714285714,5.436001877454284,8.664041883925423,8.444434468116414,8.59435355402416,-4.266966434572116,4.327387119452044,8.451996441212575,-3.4290936176847584,5.022902823527817,0.45777736144003706,0.4825302353239635,1.6367867381461565,1.4098611487156631,0.4980392814601941,0.5317794407488918
0.03471428571428571,3.471428571428571,0.14285714285714285,5.436001877454284,8.664041883925423,8.444434468116414,8.597559952957859,-4.3582263219995205,4.239333630958338,8.451585877659317,-3.4720248803967473,4.9795609972625705,0.4954690142611184,0.5211416272743463,1.80876789634965,1.5418146208645567,0.5388911102244265,0.5743532559776554
0.03471428571428571,3.471428571428571,0.15857142857142856,5.436001877454284,8.664041883925423,8.444434468116414,8.600906500143848,-4.453475168408555,4.1474313317352935,8.451164899351637,-3.516044746411007,4.93512015294063,0.531004603132601,0.557200392137247,1.9800897224087066,1.6694791753479876,0.5773679157883294,0.6141174839768837
0.03471428571428571,3.471428571428571,0.17428571428571427,5.436001877454284,8.664041883925423,8.444434468116414,8.604402594753852,-4.552980362554869,4.051422232198983,8.450733114977336,-3.561195154229028,4.889537960748308,0.5647347302684125,0.5910532975050842,2.1520448925116398,1.7937412977175882,0.6138509732522834,0.6514541416535735
0.03471428571428571,3.471428571428571,0.19,5.436001877454284,8.664041883925423,8.444434468116414,8.6080584981763,-4.65703372134503,3.95102477683127,8.450290096088645,-3.607520216422502,4.842769879666143,0.5969663332550113,0.6229960183290473,2.325871875541452,1.915376705241556,0.6486736284117001,0.6866889828316401
0.03471428571428571,3.471428571428571,0.20571428571428568,5.436001877454284,8.664041883925423,8.444434468116414,8.611885401063098,-4.765954360111732,3.845931040951366,8.449835399877562,-3.6550663886583594,4.794769011219203,0.6279725306868045,0.6532829406324936,2.5027879715366907,2.035073565664902,0.6821320203798108,0.7201022951264234
0.03471428571428571,3.471428571428571,0.22142857142857142,5.436001877454284,8.664041883925423,8.444434468116414,8.615895605250937,-4.880091981812392,3.735803623438546,8.449368555727492,-3.7038825878780073,4.7454859678494845,0.6580006694179019,0.6821348730312592,2.6840196447608378,2.1534509535570123,0.7144938262371169,0.7519373946607287
0.03471428571428571,3.471428571428571,0.2371428571428571,5.436001877454284,8.664041883925423,8.444434468116414,8.620102598074286,-4.999830591097347,3.620272006976939,8.448889074038355,-3.7540203959329097,4.694868678105445,0.6872790814682616,0.7097451849347179,2.8708318460246574,2.271073812565305,0.7460055940100573,0.7824073867013225
0.03471428571428571,3.471428571428571,0.25285714285714284,5.436001877454284,8.664041883925423,8.444434468116414,8.624521234377918,-5.125592848890595,3.4989283854873223,8.448396430299468,-3.8055342130194947,4.642862217279973,0.716022955593587,0.7362847409098093,3.0645578945609486,2.3884652193828515,0.7768990919032602,0.8117006021990391
0.03471428571428571,3.471428571428571,0.26857142857142857,5.436001877454284,8.664041883925423,8.444434468116414,8.629167889463812,-5.2578450230071665,3.3713228664566453,8.44789008222732,-3.85848148225874,4.589408599968579,0.7444396407763064,0.7619059138264105,3.2666313689588833,2.5061166706308313,0.8073970258593021,0.8399850175422329
0.03471428571428571,3.471428571428571,0.28428571428571425,5.436001877454284,8.664041883925423,8.444434468116414,8.634060684423574,-5.397102782059186,3.236957902364388,8.447369440168663,-3.9129228713910744,4.534446568777588,0.7727336621243807,0.7867458830190798,3.478621675157001,2.6244968349686815,0.8377184217422949,0.8674118904039573
0.03471428571428571,3.471428571428571,0.3,5.436001877454284,8.664041883925423,8.444434468116414,8.639219709017476,-5.543937911498878,3.0952817975185987,8.44683390266337,-3.9689225338670244,4.477911368796345,0.8011117037298731,0.8109293800018235,3.702275137129618,2.7440592109684303,0.86808395050042,0.8941187823907625
0.038928571428571423,3.8928571428571423,0.08,5.436001877454284,7.702876678658766,7.5026463449243215,7.632515506367584,-4.048683466751994,3.58383203961559,7.51043256506558,-3.3203127482719506,4.190119816793629,0.32482059637573,0.34413814571365714,1.1065249996278226,0.977053620232482,0.35451004158915106,0.38030007534217697
0.038928571428571423,3.8928571428571423,0.09571428571428571,5.436001877454284,7.702876678658766,7.5026463449243215,7.635118089419437,-4.129819203728217,3.5052988856912197,7.510085248965801,-3.360064284287395,4.150020964678406,0.3717343021847341,0.393214966187827,1.291277134995994,1.1298071029841594,0.4056051650991321,0.43454942240117583
0.038928571428571423,3.8928571428571423,0.11142857142857143,5.436001877454284,7.702876678658766,7.5026463449243215,7.637827115825862,-4.214273363877661,3.4235537519482016,7.509729520919077,-3.4007791899002964,4.1089503310187805,0.4151241295602403,0.4383332989021937,1.4709652038646936,1.274765041969772,0.4528246460466789,0.48442831488415544
0.038928571428571423,3.8928571428571423,0.12714285714285714,5.436001877454284,7.702876678658766,7.5026463449243215,7.640649250691154,-4.302253787773566,3.338395462917588,7.509365070490306,-3.4424929067117493,4.066872163778557,0.4555454248489354,0.4800666776105799,1.64728594675978,1.4133279240269303,0.4967754250628786,0.5305702892144382
0.038928571428571423,3.8928571428571423,0.14285714285714285,5.436001877454284,7.702876678658766,7.5026463449243215,7.643591734953455,-4.393986028256686,3.2496057066967694,7.508991567151307,-3.4852426480611642,4.023748919090143,0.4934654443289332,0.5188916786025288,1.8217529333952598,1.5466770850736111,0.5379678007955135,0.573501801426346
0.038928571428571423,3.8928571428571423,0.15857142857142856,5.436001877454284,7.702876678658766,7.5026463449243215,7.64666243369116,-4.489715311275713,3.1569471224154473,7.508608669929877,-3.529067491445596,3.9795411784842805,0.5292828745950828,0.5552082736670627,1.9957506047774132,1.6758222987078852,0.5768367884684267,0.6136647064280965
0.038928571428571423,3.8928571428571423,0.17428571428571427,5.436001877454284,7.702876678658766,7.5026463449243215,7.649869915111056,-4.589708689689856,3.0601612254212,7.508216020641493,-3.574008515415131,3.934207505226362,0.5633428877160895,0.5893553387537054,2.170578161653225,1.801638225273905,0.613758582268531,0.6514333877660761
0.038928571428571423,3.8928571428571423,0.19,5.436001877454284,7.702876678658766,7.5026463449243215,7.653223513646043,-4.694257562132265,2.958965951513778,7.507813240535069,-3.6201089008048637,3.887704339730205,0.5959489723039724,0.6216226177357953,2.3474866690520457,1.924892695015501,0.6490634826050723,0.6871279721210043
0.038928571428571423,3.8928571428571423,0.20571428571428568,5.436001877454284,7.702876678658766,7.5026463449243215,7.656733460023951,-4.803680491961126,2.8530529680628254,7.507399937890882,-3.6674141143127534,3.8399858235781283,0.6273724345362552,0.6522600640934684,2.527711819411138,2.046269026223513,0.6830462613294229,0.7210246470989999
0.038928571428571423,3.8928571428571423,0.22142857142857142,5.436001877454284,7.702876678658766,7.5026463449243215,7.66041094676854,-4.918326457876414,2.742084488892126,7.506975685767772,-3.7159720001060483,3.7910036856617237,0.6578602134155176,0.6814852161696193,2.71250437577919,2.166383826107676,0.7159746774121344,0.7533638093804028
0.038928571428571423,3.8928571428571423,0.2371428571428571,5.436001877454284,7.702876678658766,7.5026463449243215,7.664268258372321,-5.0385785659575495,2.6256896924147712,7.506540051085849,-3.765832989253818,3.7407070618320306,0.6876415033829629,0.7094890854375534,2.9031599293460886,2.285801484092076,0.7480966734974003,0.7843565668963491
0.038928571428571423,3.8928571428571423,0.25285714285714284,5.436001877454284,7.702876678658766,7.5026463449243215,7.668318921824724,-5.164858332928389,2.5034605888963357,7.506092564785879,-3.8170502484894304,3.6890423162964487,0.7169335640710982,0.7364409070120813,3.1010495238348312,2.4050461124858202,0.779646669357703,0.8141899888514103
0.038928571428571423,3.8928571428571423,0.26857142857142857,5.436001877454284,7.702876678658766,7.5026463449243215,7.672577843044654,-5.297630612557156,2.374947230487498,7.5056327385620225,-3.869679877463269,3.6359528610987537,0.7459470307225046,0.7624920145943291,3.3076526886333113,2.524611586451897,0.8108512954407842,0.8430313853224901
0.038928571428571423,3.8928571428571423,0.28428571428571425,5.436001877454284,7.702876678658766,7.5026463449243215,7.6770615068370205,-5.437409317368734,2.239652189468287,7.505160059450364,-3.9237811171256918,3.581378942324672,0.7748910007876474,0.7877790384469562,3.524594557546834,2.644970161114202,0.8419348585420038,0.8710318409654859
0.038928571428571423,3.8928571428571423,0.3,5.436001877454284,7.702876678658766,7.5026463449243215,7.681788189409819,-5.5847640772239115,2.097024112185907,7.504673970226125,-3.979416561113024,3.5252574091131006,0.8039781558721869,0.8124265733044921,3.75368905913831,2.766580015745035,0.8731248218651898,0.8983291648334556
0.043142857142857136,4.314285714285713,0.08,5.436001877454284,6.931025715156664,6.746632488304774,6.867298186880705,-4.084389182474972,2.7829090044057327,6.753652438689993,-3.3364805005371174,3.417171938152876,0.3229490836531568,0.34207867667390696,1.113028728738641,0.9792802444508197,0.35324527125624167,0.3790266278613785
0.043142857142857136,4.314285714285713,0.09571428571428571,5.436001877454284,6.931025715156664,6.746632488304774,6.869712583804886,-4.166113665220505,2.7035989185843814,6.753332779604353,-3.3761790157021077,3.3771537639022453,0.36990581353535384,0.3911920639865229,1.2999145653225241,1.1332571219213605,0.40449736058434377,0.43346064426685865
0.043142857142857136,4.314285714285713,0.11142857142857143,5.436001877454284,6.931025715156664,6.746632488304774,6.872225575657817,-4.251175355734915,2.6210502199229015,6.753005417008997,-3.4168335960669522,3.336171820942045,0.4134134103495057,0.43642015690181774,1.4819285976130914,1.2795658399511467,0.45194602957820956,0.4835938177905063
0.043142857142857136,4.314285714285713,0.12714285714285714,5.436001877454284,6.931025715156664,6.746632488304774,6.874843321935832,-4.339782949327979,2.5350603726078527,6.752670071743497,-3.4584792025328657,3.294190869210631,0.45401502646313924,0.4783212816050763,1.6607587021155723,1.4195818796025605,0.49618619062385955,0.5300445147682353
0.043142857142857136,4.314285714285713,0.14285714285714285,5.436001877454284,6.931025715156664,6.746632488304774,6.877572513765049,-4.432162880265496,2.445409633499553,6.7523264512211165,-3.5011525121984812,3.2511739390226353,0.49216920796624203,0.5173606492547833,1.8379177788574452,1.5544691134294908,0.537719701831918,0.5733279943243019
0.043142857142857136,4.314285714285713,0.15857142857142856,5.436001877454284,6.931025715156664,6.746632488304774,6.880420426853838,-4.528561289833997,2.351859137019841,6.751974250471698,-3.5448920589381556,3.2070821915335426,0.5282685874519188,0.5539297086798456,2.014796399052443,1.6852254223209684,0.5769758651297252,0.6138778395836653
0.043142857142857136,4.314285714285713,0.17428571428571427,5.436001877454284,6.931025715156664,6.746632488304774,6.8833949753974855,-4.629246210768558,2.254148764628927,6.751613132849183,-3.5897382909108133,3.1618748419383698,0.5626543646997106,0.5883609388135369,2.1927059101756186,1.8127177039417575,0.6143272958780699,0.65206234047821
0.043142857142857136,4.314285714285713,0.19,5.436001877454284,6.931025715156664,6.746632488304774,6.8865048013612125,-4.73451005933874,2.151994742022472,6.7512427628918035,-3.6357337596036343,3.115509003288169,0.5956277446372837,0.6209393029976695,2.372915176351853,1.9377092108641136,0.6501024445881853,0.6881971764016724
0.043142857142857136,4.314285714285713,0.20571428571428568,5.436001877454284,6.931025715156664,6.746632488304774,6.88975934507908,-4.8446724515425785,2.045086893536501,6.75086277989747,-3.6829232065022985,3.0679395733951713,0.6274591738630875,0.651911216387191,2.5566833681267553,2.0608811261979554,0.6845956965761956,0.72255534906418
0.043142857142857136,4.314285714285713,0.22142857142857142,5.436001877454284,6.931025715156664,6.746632488304774,6.893168948957624,-4.960083480459042,1.9330854684985814,6.750472803873616,-3.7313537423858123,3.0191190614878036,0.6583959915928972,0.6814916485353705,2.7452907502834023,2.182849909715401,0.718075720840261,0.7553750482003351
0.043142857142857136,4.314285714285713,0.2371428571428571,5.436001877454284,6.931025715156664,6.746632488304774,6.896744965755036,-5.081127402749699,1.815617563005337,6.750072433016591,-3.7810749759533686,2.9689974570632223,0.6886689664753475,0.7098698100449495,2.940069091295072,2.3041814092295,0.7507925856131691,0.7868659499976615
0.043142857142857136,4.314285714285713,0.25285714285714284,5.436001877454284,6.931025715156664,6.746632488304774,6.900499883553166,-5.208226914349877,1.6922729692032883,6.7496612459660685,-3.832139199415906,2.9175220465501623,0.7184980871599577,0.7372137535099909,3.142433287806057,2.4254025721148764,0.7829840411588406,0.817214312931469
0.043142857142857136,4.314285714285713,0.26857142857142857,5.436001877454284,6.931025715156664,6.746632488304774,6.904447476381046,-5.34184810942472,1.5625993669563263,6.749238805113339,-3.8846015725771643,2.8646372325361744,0.7480979176577306,0.7636741393923784,3.353915808190777,2.5470113289571827,0.8148813071429116,0.8465871488283482
0.043142857142857136,4.314285714285713,0.28428571428571425,5.436001877454284,6.931025715156664,6.746632488304774,6.90860295796909,-5.482506150333512,1.4260968076355782,6.748804631547518,-3.9385203155966018,2.8102843159509163,0.777682790520373,0.7893873494424496,3.576205671151911,2.669485104078717,0.8467146619395293,0.8751356743275095
0.043142857142857136,4.314285714285713,0.3,5.436001877454284,6.931025715156664,6.746632488304774,6.912983195545378,-5.630771947022907,1.2822112485224704,6.748358242371147,-3.9939569253719314,2.7544013169992154,0.80747210766674,0.8144781000751776,3.811194142500085,2.7932883135406428,0.8787191191572673,0.9029982027897175
0.047357142857142855,4.735714285714286,0.08,5.436001877454284,6.297723433546634,6.126540251693218,6.23948487563206,-4.1218189804259575,2.1176658952061027,6.13292796824609,-3.354716161317022,2.7782118069290678,0.32159265650477664,0.3405576519455166,1.121503975909377,0.9834065028968553,0.35248773944118733,0.37828090562186384
0.047357142857142855,4.735714285714286,0.09571428571428571,5.436001877454284,6.297723433546634,6.126540251693218,6.24174386820141,-4.204259271796355,2.037484596405055,6.1326310833015825,-3.394441194323491,2.7381898889780913,0.36862447956309546,0.38973750786652767,1.310757150818631,1.1388018634761465,0.40392498714680863,0.4329246088730087
0.047357142857142855,4.735714285714286,0.11142857142857143,5.436001877454284,6.297723433546634,6.126540251693218,6.244095082736921,-4.290064650832703,1.9540304319042177,6.132327079684275,-3.4351183129993546,2.6972087666849207,0.4122712772058889,0.4350937123476228,1.4953123628203002,1.2866301144498493,0.45162022690448106,0.48332533495454294
0.047357142857142855,4.735714285714286,0.12714285714285714,5.436001877454284,6.297723433546634,6.126540251693218,6.246544261816692,-4.37944541808883,1.8670988437278622,6.132015700022918,-3.47678215917672,2.655233540846198,0.45306659206545413,0.47717217910303583,1.6768563195768138,1.428248751267347,0.4961590372332125,0.5300892022219728
0.047357142857142855,4.735714285714286,0.14285714285714285,5.436001877454284,6.297723433546634,6.126540251693218,6.249097665740521,-4.47262982420241,1.7764678415381114,6.1316966802299735,-3.5194690752015725,2.612227605028401,0.4914622325102868,0.5164288547021556,1.856907662300955,1.564809615217655,0.5380368857998974,0.5737224615387504
0.047357142857142855,4.735714285714286,0.15857142857142856,5.436001877454284,6.297723433546634,6.126540251693218,6.2517620987725016,-4.569865933099344,1.681896165673158,6.131369722885131,-3.5632172210428115,2.5681525018423192,0.5278463103053355,0.55324825751768,2.036868641752676,1.6973029435263243,0.5776789512523806,0.6146520791006083
0.047357142857142855,4.735714285714286,0.17428571428571427,5.436001877454284,6.297723433546634,6.126540251693218,6.254544950840124,-4.671423869695054,1.5831210811450704,6.131034540517351,-3.6080666592941992,2.522967881223152,0.562557269034869,0.5879576960410304,2.218067784554023,1.8265913013237878,0.6154555288517827,0.6532415179449913
0.047357142857142855,4.735714285714286,0.19,5.436001877454284,6.297723433546634,6.126540251693218,6.257454303002128,-4.777598328801488,1.4798559742006407,6.130690808661444,-3.654059511808435,2.476631296853009,0.5958950190176893,0.6208383021899522,2.401796560747016,1.9534361523909638,0.6516942422152283,0.6898029903723567
0.047357142857142855,4.735714285714286,0.20571428571428568,5.436001877454284,6.297723433546634,6.126540251693218,6.260498984551429,-4.888711410276153,1.3717875742752756,6.130338204729152,-3.701240065964966,2.429098138764186,0.6281299764765436,0.6521336986864412,2.5893424258072173,2.0785189036587326,0.6866899454394114,0.7246070774513668
0.047357142857142855,4.735714285714286,0.22142857142857142,5.436001877454284,6.297723433546634,6.126540251693218,6.263688659975607,-5.0051158874733135,1.2585727725022933,6.1299763724355065,-3.7496549310734992,2.3803214413620073,0.6595106027518227,0.6820568779986046,2.7820201591310934,2.20245787652118,0.7207129643305165,0.7578903693072901
0.047357142857142855,4.735714285714286,0.2371428571428571,5.436001877454284,6.297723433546634,6.126540251693218,6.267033937742268,-5.127198963124524,1.1398349746177443,6.129604949927233,-3.7993531859801037,2.3302517639471296,0.6902698974187159,0.7107957248564388,2.9812031705489517,2.3258221641953014,0.7540161741204087,0.789861594263641
0.047357142857142855,4.735714285714286,0.25285714285714284,5.436001877454284,6.297723433546634,6.126540251693218,6.270546489240547,-5.255386555424152,1.0151599338163955,6.129223548541447,-3.8503865452640516,2.278837003277395,0.7206312080398901,0.7385174974672281,3.1883563558210426,2.4491431780404582,0.7868413108624849,0.8207065965493142
0.047357142857142855,4.735714285714286,0.26857142857142857,5.436001877454284,6.297723433546634,6.126540251693218,6.274239180258692,-5.390148267986238,0.8840909122724545,6.128831763226864,-3.9028095455154754,2.2260222177113884,0.7508136633305184,0.7653725031531166,3.4050721957612495,2.5729244264027784,0.8194248502846334,0.8505924169455169
0.047357142857142855,4.735714285714286,0.28428571428571425,5.436001877454284,6.297723433546634,6.126540251693218,6.2781262377684355,-5.532003147521909,0.7461230902465266,6.1284291587305075,-3.9566797254201522,2.1717494333103553,0.7810375116434897,0.7914971487110732,3.6331119730448336,2.697649971850069,0.8520037571457805,0.8796706818969823
0.047357142857142855,4.735714285714286,0.3,5.436001877454284,6.297723433546634,6.126540251693218,6.282223418081874,-5.681526349218479,0.6006970688633952,6.128015287150667,-4.012057850677734,2.115957436472933,0.8115296376232094,0.8170165061827105,3.874454355567991,2.823791932726749,0.8848214021028865,0.9080804515448903
0.05157142857142857,5.157142857142857,0.08,5.436001877454284,5.768845979046853,5.608866545058641,5.715228604348008,-4.160935921628921,1.5542926827190868,5.614723406502135,-3.3748525814491863,2.2398708250529484,0.320668489806053,0.33948887150359036,1.1317344981165434,0.9891970886855006,0.3521574917897396,0.3779804544024045
0.05157142857142857,5.157142857142857,0.09571428571428571,5.436001877454284,5.768845979046853,5.608866545058641,5.717357232112763,-4.244208884872677,1.4731483472400857,5.614445599357783,-3.414674159964225,2.1997714393935577,0.36780405601177785,0.38876209398353007,1.3235756917140407,1.1461914102284254,0.40380552626118055,0.4328569316314201
0.05157142857142857,5.157142857142857,0.11142857142857143,5.436001877454284,5.768845979046853,5.608866545058641,5.719572803854527,-4.33088301428208,1.3886897895724477,5.614161158866189,-3.4554467054750484,2.1587144533911404,0.4116099626472191,0.43426371281185533,1.5108786524109519,1.295697771297455,0.4517640617152096,0.4835385096768618
0.05157142857142857,5.157142857142857,0.12714285714285714,5.436001877454284,5.768845979046853,5.608866545058641,5.7218807481388305,-4.4211710055564915,1.300709742582339,5.613869837452042,-3.4972046954938136,2.1166651419582285,0.4526122737047444,0.47652951842280794,1.69533561056312,1.4390615472592572,0.4966115703552986,0.5306214609035464
0.05157142857142857,5.157142857142857,0.14285714285714285,5.436001877454284,5.768845979046853,5.608866545058641,5.724286974435039,-4.515303709778156,1.208983264656883,5.613571392076038,-3.5399842973035685,2.0735870947724693,0.4912577043825194,0.5160079238564208,1.8784766044888102,1.5774271187041222,0.5388388455429549,0.5746048385546487
0.05157142857142857,5.157142857142857,0.15857142857142856,5.436001877454284,5.768845979046853,5.608866545058641,5.7267978909700235,-4.613532037887105,1.1132658530829183,5.61326555465402,-3.583823464878674,2.029442089775346,0.5279311375616658,0.5530778432571992,2.0617205933604055,1.711780708291144,0.5788682891250119,0.6159103728364812
0.05157142857142857,5.157142857142857,0.17428571428571427,5.436001877454284,5.768845979046853,5.608866545058641,5.729420487822383,-4.716129237718102,1.013291250104281,5.612952048509558,-3.6287620573536183,1.9841899911559397,0.5629693040631878,0.5880624382115229,2.246417963647218,1.8429834991451344,0.6170689596629586,0.6548977660614241
0.05157142857142857,5.157142857142857,0.19,5.436001877454284,5.768845979046853,5.608866545058641,5.732162379243293,-4.823393395520044,0.9087689837232498,5.612630579241251,-3.67484195789934,1.9377886213419107,0.5966716823735396,0.6212398128369045,2.4338873512164128,1.9717976069699716,0.6537685516505576,0.6918765945940207
0.05157142857142857,5.157142857142857,0.20571428571428568,5.436001877454284,5.768845979046853,5.608866545058641,5.735031895187205,-4.935650369702488,0.7993815254847165,5.612300840788069,-3.722107200716634,1.890193640071435,0.6293093999687471,0.6528514322923229,2.6254491771737776,2.098906740855,0.6892631599697551,0.7271156764687702
0.05157142857142857,5.157142857142857,0.22142857142857142,5.436001877454284,5.768845979046853,5.608866545058641,5.738038165527113,-5.053257062443425,0.6847811030836883,5.611962510246891,-3.7706041225806377,1.8413583876662534,0.6611327039607318,0.6831088215975,2.822457730644601,2.224932897476606,0.7238254578822988,0.7608505265821462
0.05157142857142857,5.157142857142857,0.2371428571428571,5.436001877454284,5.768845979046853,5.608866545058641,5.7411911953656185,-5.176605225501781,0.5645859698638374,5.6116152464175695,-3.8203815012701616,1.7912337451474079,0.6923774481748523,0.7121989545666451,3.0263335801805624,2.350450046151309,0.757711779897363,0.7932893542061946
0.05157142857142857,5.157142857142857,0.25285714285714284,5.436001877454284,5.768845979046853,5.608866545058641,5.744502011932035,-5.306125825978714,0.43837618595332106,5.61125869135273,-3.871490729108108,1.7397679622446218,0.7232709570814676,0.7402886373242267,3.2385979125137965,2.475995566797451,0.7911684958727959,0.8246179415749565
0.05157142857142857,5.157142857142857,0.26857142857142857,5.436001877454284,5.768845979046853,5.608866545058641,5.7479827501376315,-5.442294056304112,0.3056886938335195,5.610892468693196,-3.9239859817895493,1.6869064869036468,0.7540375698056322,0.7675281137764499,3.4609105874494617,2.6020799754888913,0.8244380195421285,0.8550036572074758
0.05157142857142857,5.157142857142857,0.28428571428571425,5.436001877454284,5.768845979046853,5.608866545058641,5.751646842523601,-5.585635187072146,0.16601165545145502,5.610516173766409,-3.977924414212882,1.6325917595535269,0.7849041582019821,0.7940540646345083,3.695113917956405,2.7291953834662763,0.8577647534480092,0.8845987956362932
0.05157142857142857,5.157142857142857,0.3,5.436001877454284,5.768845979046853,5.608866545058641,5.755509170108112,-5.736731313649376,0.018777856458735975,5.610129393038663,-4.03336637104801,1.5767630219906525,0.8161059033895411,0.8199921390783514,3.9432846268283583,2.857823023560968,0.8914012910921086,0.9135433938212144
0.05578571428571428,5.578571428571428,0.08,5.436001877454284,5.320612269463872,5.170267692679297,5.270942193862704,-4.201721320875826,1.069220872986878,5.175672264677292,-3.396766829513764,1.7789054351635283,0.3201144449960225,0.3388075262122925,1.1435661022574095,0.9964810114837519,0.35219471055114576,0.3780634990846465
0.05578571428571428,5.578571428571428,0.09571428571428571,5.436001877454284,5.320612269463872,5.170267692679297,5.272960020251664,-4.285936648138698,0.987023372112966,5.175410655841811,-3.4367479362579814,1.73866271958383,0.36737974280498514,0.38819862773209474,1.3382075785273173,1.1552443979212512,0.4040771706570467,0.4331942969670876
0.05578571428571428,5.578571428571428,0.11142857142857143,5.436001877454284,5.320612269463872,5.170267692679297,5.275060385912826,-4.373596889667411,0.9014634962454151,5.1751428131007895,-3.4776814337375455,1.697461379363244,0.4113634492597384,0.43386206378670517,1.5284598244846848,1.3065804207457177,0.4523151881485887,0.4841699746904737
0.05578571428571428,5.578571428571428,0.12714285714285714,5.436001877454284,5.320612269463872,5.170267692679297,5.277248462651234,-4.4649178240222165,0.8123306386290174,5.174868515234367,-3.519601764594836,1.655266750639531,0.45258594720820605,0.4763254164430463,1.7160265528559648,1.4518273498964618,0.4974820155823067,0.5315789737281307
0.05578571428571428,5.578571428571428,0.14285714285714285,5.436001877454284,5.320612269463872,5.170267692679297,5.2795298630326,-4.560133658492661,0.7193962045399394,5.1745875224660365,-3.5625450504580156,1.6120424720080209,0.49149025809214203,0.5160310216467678,1.9024543558288087,1.5921260523299452,0.5400652387521632,0.5759146800343729
0.05578571428571428,5.578571428571428,0.15857142857142856,5.436001877454284,5.320612269463872,5.170267692679297,5.281910687333674,-4.659499007722124,0.6224116796115506,5.17429959174959,-3.6065492009076183,1.5677503908419719,0.5284591546583783,0.5533533123269763,2.089183592346444,1.7284619158175474,0.5804856519020518,0.6175947639519563
0.05578571428571428,5.578571428571428,0.17428571428571427,5.436001877454284,5.320612269463872,5.170267692679297,5.284397576226554,-4.763291151147863,0.521106425078691,5.174004453745824,-3.6516540080525512,1.5223504456932728,0.5638285671238918,0.5886121785536602,2.2775909584993315,1.8616973367358014,0.6191120322185384,0.6569760817143333
0.05578571428571428,5.578571428571428,0.19,5.436001877454284,5.320612269463872,5.170267692679297,5.2869977855728,-4.871812670470823,0.415185115101977,5.173701843745558,-3.6979013064986437,1.4758005372469145,0.5978983168120067,0.6220833872916387,2.469026739504443,1.992597280064956,0.6562729531367495,0.6943662931746529
0.05578571428571428,5.578571428571428,0.20571428571428568,5.436001877454284,5.320612269463872,5.170267692679297,5.289719236489447,-4.985394335575711,0.30432490091373676,5.17339146834685,-3.745335044384911,1.4280564239619387,0.6309409219085182,0.6540067978733077,2.664848972599998,2.1218496364383554,0.6922664617547979,0.7300330274517818
0.05578571428571428,5.578571428571428,0.22142857142857142,5.436001877454284,5.320612269463872,5.170267692679297,5.292570612289799,-5.104398525196253,0.1881720870935455,5.173073026264752,-3.7940014818953665,1.3790715443693853,0.6632090409297575,0.6845929151566564,2.866456542349738,2.2500817529191863,0.7273682367525679,0.7642111897965264
0.05578571428571428,5.578571428571428,0.2371428571428571,5.436001877454284,5.320612269463872,5.170267692679297,5.295561444961374,-5.229223037259491,0.06633840770188293,5.172746201618554,-3.843949304539435,1.328796897079119,0.6949419889323848,0.7140281711670581,3.0753228674740285,2.3778739990376607,0.7618387098062839,0.7971088532343628
0.05578571428571428,5.578571428571428,0.25285714285714284,5.436001877454284,5.320612269463872,5.170267692679297,5.298702220843151,-5.360305580610482,-0.061603359767330446,5.172410657223093,-3.8952297906761086,1.2771808665469844,0.7263716851113599,0.7424792290322556,3.2930320088553344,2.505771147909286,0.795929540586826,0.8289120602356091
0.05578571428571428,5.578571428571428,0.26857142857142857,5.436001877454284,5.320612269463872,5.170267692679297,5.302004509862559,-5.49812886999817,-0.1961243601356113,5.172066037259908,-3.9478969956686916,1.2241690415912165,0.7577283454907046,0.7700965340973197,3.5213189715221915,2.6342921088939875,0.8298897865799403,0.8597887839911776
0.05578571428571428,5.578571428571428,0.28428571428571425,5.436001877454284,5.320612269463872,5.170267692679297,5.305481092994753,-5.643226575899074,-0.33774548290432094,5.171711972614616,-4.002007943882201,1.169704028732415,0.7892462138059385,0.7970172751115,3.762116447703079,2.763938413252731,0.8639720883607537,0.8898922315481171
0.05578571428571428,5.578571428571428,0.3,5.436001877454284,5.320612269463872,5.170267692679297,5.309146148405153,-5.796190237527502,-0.48704408912234864,5.171348064916659,-4.05762282571495,1.1137252392017087,0.8211696430393544,0.8233678890690043,4.017610653050951,2.895201809849368,0.8984392000144225,0.9193636410387284
0.06,6.0,0.08,5.436001877454284,4.935943792048352,4.793982636496835,4.889687021418266,-4.244170827263179,0.6455161941550864,4.798997056507052,-3.420368577518038,1.3786284789890142,0.31988293454077166,0.3384638787906624,1.1568888194091187,1.0051329493165895,0.35255373429521336,0.3784828225050773
0.06,6.0,0.09571428571428571,5.436001877454284,4.935943792048352,4.793982636496835,4.89160965918834,-4.329433335762605,0.5621763234257351,4.798749358247871,-3.460566954189054,1.3381824040588173,0.3673018609262612,0.38799545993839496,1.3545378649837403,1.1658282943471932,0.4046927067236083,0.4338882561683021
0.06,6.0,0.11142857142857143,5.436001877454284,4.935943792048352,4.793982636496835,4.89361112785353,-4.418191810277143,0.475419317576387,4.798495766252559,-3.501721438004829,1.29677432824773,0.41148109097832725,0.4338363584821536,1.547938678569949,1.3191408925194992,0.4532259714196129,0.4851712056108681
0.06,6.0,0.12714285714285714,5.436001877454284,4.935943792048352,4.793982636496835,4.895696380369664,-4.510665758633584,0.38503062173607994,4.798236075113457,-3.5438665600610153,1.2543695150524417,0.45293687218617146,0.4765075775736704,1.7388119086803044,1.4664063030522811,0.49872319056731834,0.5329140046583802
0.06,6.0,0.14285714285714285,5.436001877454284,4.935943792048352,4.793982636496835,4.897870788824815,-4.607093471166836,0.2907773176579793,4.797970051621464,-3.587038519809743,1.2109315318117209,0.49210975152647046,0.5164466244877985,1.9287255295097339,1.6087653698093618,0.5416700249227802,0.5776056884343461
0.06,6.0,0.15857142857142856,5.436001877454284,4.935943792048352,4.793982636496835,4.900140192585776,-4.707734052180361,0.19240614040541537,4.797697470419051,-3.631275306697993,1.166422163721058,0.529381375002913,0.5540244188750876,2.119145769086117,1.747205477187208,0.5824866953219043,0.6196608863362485
0.06,6.0,0.17428571428571427,5.436001877454284,4.935943792048352,4.793982636496835,4.902510961325878,-4.812869756350562,0.08964120497531614,4.797418077457489,-3.676616808542206,1.1208012689152826,0.5650876937934868,0.5895583399251336,2.3114800189460993,1.8825925973686708,0.6215425594646717,0.6594344064581037
0.06,6.0,0.19,5.436001877454284,4.935943792048352,4.793982636496835,4.904990041999995,-4.922808624690713,-0.01781858269071801,4.797131624548158,-3.723104931141605,1.0740266934065534,0.5995295788707722,0.6233224221219302,2.507114656324916,2.015696535906386,0.6591678143763602,0.6972326270116013
0.06,6.0,0.20571428571428568,5.436001877454284,4.935943792048352,4.793982636496835,4.907585022538176,-5.037887498843539,-0.1303024763053635,4.7968378303862504,-3.770783721220597,1.0260541091656536,0.6329815768424396,0.6555554071141501,2.7074500987822603,2.1472111289000395,0.6956631311894056,0.7333224994354736
0.06,6.0,0.22142857142857142,5.436001877454284,4.935943792048352,4.793982636496835,4.910304236614737,-5.158475485540347,-0.24817124892561004,4.79653641631363,-3.8196995222601084,0.9768368940535219,0.6656993621234619,0.6864671796336096,2.913935059467576,2.2777706405463505,0.7313078311810272,0.7679387378445311
0.06,6.0,0.2371428571428571,5.436001877454284,4.935943792048352,4.793982636496835,4.9131568174512035,-5.284977877865131,-0.3718210604139278,4.796227081134834,-3.8699011076354193,0.9263259734994147,0.6979263122985911,0.7162439620955751,3.1281017971451774,2.407963293649118,0.7663670825053258,0.8012896280717995
0.06,6.0,0.25285714285714284,5.436001877454284,4.935943792048352,4.793982636496835,4.916152822091179,-5.417840740278574,-0.501687918187395,4.795909504058416,-3.9214398450075034,0.8744696590509129,0.7298995738480584,0.7450525597363366,3.3516042172720972,2.5383426507374907,0.8010985071749132,0.8335617728505439
0.06,6.0,0.26857142857142857,5.436001877454284,4.935943792048352,4.793982636496835,4.919303348774111,-5.557556140647883,-0.6382527918737715,4.795583353638023,-3.974369879066904,0.8212134745711186,0.7618559342503771,0.7730438673192451,3.5862607852266137,2.6694373715940856,0.8357585508989017,0.8649240109903643
0.06,6.0,0.28428571428571425,5.436001877454284,4.935943792048352,4.793982636496835,4.922620668047091,-5.704668259616671,-0.7820475915695804,4.795248278520081,-4.028748321170489,0.7664999573495921,0.7940378095483424,0.8003558024327616,3.8341046657563993,2.8017597735185973,0.8706089490218004,0.8955306983082777
0.06,6.0,0.3,5.436001877454284,4.935943792048352,4.793982636496835,4.926118388410585,-5.8597804537438325,-0.9336620653332472,4.794903908822174,-4.084635451053625,0.7102684577685485,0.8266996754713317,0.8271157961203811,4.097443985884297,2.935813528281983,0.9059236395714264,0.9255244927786065
