design,pressures_mpa,fabric_mode,state_log_sigma,state_precision_percent,adjustment,pressure_nuisance_prior_precision_factor,pressure_nuisance_prior_sd_factor,lambda_min,lambda_max,spectral_ratio,condition_number,lambda_min_gain,worst_sd_reduction,determinant_gain,strong_direction_rotation_deg,weak_direction_rotation_deg
best_single,5,shared,0.0025,0.25,raw,1.0,1.0,81.909738946613,5885.372278467188,0.013917511938250053,8.476551378800233,9064.887882621311,95.2097047712118,224885.5970381276,34.9463496573912,34.9463496573912
best_single,5,shared,0.0025,0.25,shared_static_nuisance,1.0,1.0,3.7272530718939145,460.27807471347296,0.008097828848819622,11.112600540294844,1065.3875033611419,32.64027425376726,59619.240519437335,35.39421040216907,35.39421040216907
best_single,5,shared,0.0025,0.25,full_pressure_nuisance,0.25,2.0,1.4416302808841013,14.195504469216427,0.10155541030685733,3.137967688937189,412.0715325993429,20.29954513281869,711.1840317414858,16.42487876826467,16.42487876826467
best_single,5,shared,0.0025,0.25,full_pressure_nuisance,1.0,1.0,2.175279334906394,26.043369397816505,0.08352526517128658,3.46011926453869,621.7757085518795,24.935430787373203,1968.7450319991226,26.132595622642494,26.132595622642494
best_single,5,shared,0.0025,0.25,full_pressure_nuisance,4.0,0.5,2.5122632225060446,46.21562860128291,0.05435960298582428,4.28905743455778,718.0982323402352,26.797354950446792,4034.886059731579,30.754848232140528,30.754848232140528
best_single,5,shared,0.005,0.5,raw,1.0,1.0,74.259626579701,1595.4922546807193,0.046543395219779,4.635226594487455,8218.255824122003,90.65459626583753,55271.29266114977,31.793651704164493,31.793651704164493
best_single,5,shared,0.005,0.5,shared_static_nuisance,1.0,1.0,3.0632825923051925,313.31595450060627,0.009776976078948016,10.11341255453336,875.6000545590439,29.59053995044774,33353.916980841226,35.35308892201446,35.35308892201446
best_single,5,shared,0.005,0.5,full_pressure_nuisance,0.25,2.0,1.39409785915764,13.571311118021185,0.10272388916841158,3.120069536639878,398.48499926364656,19.962089050589032,657.4948222102519,15.69599058312841,15.69599058312841
best_single,5,shared,0.005,0.5,full_pressure_nuisance,1.0,1.0,2.1504927005030283,24.610678066737414,0.0873804734136736,3.3829283792722014,614.690766897969,24.792958010248977,1839.2417739509053,25.75169209329682,25.751692093296807
best_single,5,shared,0.005,0.5,full_pressure_nuisance,4.0,0.5,2.4948522738985,43.45054908705103,0.05741819899445199,4.1732578305871115,713.1215359071391,26.704335526411047,3767.1886961159216,30.566784461327305,30.566784461327295
best_single,5,shared,0.01,1.0,raw,1.0,1.0,54.53495709932357,540.8343901227506,0.10083485461593156,3.149159530735858,6035.341806071926,77.68746234800005,13759.144627888532,22.22995568910359,22.22995568910357
best_single,5,shared,0.01,1.0,shared_static_nuisance,1.0,1.0,2.848281026493561,186.3291334267352,0.015286289235137284,8.088145655405855,814.1446135142536,28.53321947334814,18443.39515277215,34.9330444727439,34.9330444727439
best_single,5,shared,0.01,1.0,full_pressure_nuisance,0.25,2.0,1.3619162376867289,13.244855871726827,0.10282605193114616,3.1185191798390144,389.2862953678615,19.730339464080732,626.8662736194183,15.235425325775582,15.235425325775582
best_single,5,shared,0.01,1.0,full_pressure_nuisance,1.0,1.0,2.1217017386571144,23.58065837828193,0.08997635708980997,3.3337712512858646,606.4612395842258,24.626433756925216,1738.6714746202824,25.338805154124532,25.338805154124532
best_single,5,shared,0.01,1.0,full_pressure_nuisance,4.0,0.5,2.4642396397096666,40.29174441335186,0.06115991440899412,4.043584894730278,704.371306909896,26.539994478332055,3450.4543013154453,30.154743220282974,30.154743220282974
best_single,5,shared,0.02,2.0,raw,1.0,1.0,24.361592153302638,302.4121215591851,0.08055759150029583,3.523276794078696,2696.078687978374,51.92377767437934,3436.821873384698,8.916613160995293,8.916613160995293
best_single,5,shared,0.02,2.0,shared_static_nuisance,1.0,1.0,2.679807618901104,77.55505241812793,0.03455361753162478,5.379640309685355,765.9886499572985,27.676499958580358,7222.557090128703,33.176626732678095,33.176626732678095
best_single,5,shared,0.02,2.0,full_pressure_nuisance,0.25,2.0,1.2988172318801878,12.757189716328217,0.10181060725449605,3.134032429902222,371.2502535525838,19.267855447677196,575.8114892771998,14.402484540522732,14.402484540522732
best_single,5,shared,0.02,2.0,full_pressure_nuisance,1.0,1.0,2.032450435144951,21.28502098862451,0.09548735875013543,3.2361381979052863,580.9498987693037,24.10290228933652,1503.3888199780308,24.095947243447796,24.095947243447796
best_single,5,shared,0.02,2.0,full_pressure_nuisance,4.0,0.5,2.35720903063996,32.61916370425565,0.07226454522291838,3.7199522312602467,673.7779795504377,25.957233665212435,2672.0722001065387,28.654430156883038,28.654430156883027
best_single,5,shared,0.05,5.0,raw,1.0,1.0,4.782317765402652,246.78461856440086,0.019378508244243187,7.183561744337661,529.2554331139853,23.005552223626047,550.5650998368336,1.6136856903455943,1.6136856903455943
best_single,5,shared,0.05,5.0,shared_static_nuisance,1.0,1.0,1.982798077599437,20.130255507805092,0.0984984058861373,3.1862907227907176,566.7574089595009,23.80666732156143,1387.0912962414964,23.396596082067532,23.39659608206755
best_single,5,shared,0.05,5.0,full_pressure_nuisance,0.25,2.0,1.053286694102006,11.344571979066139,0.09284499195259285,3.281865349308488,301.0684972841538,17.35132551951446,415.25223919539917,11.329823455043003,11.329823455043003
best_single,5,shared,0.05,5.0,full_pressure_nuisance,1.0,1.0,1.5660237807172503,14.65044167280278,0.10689259857772287,3.0586246376766413,447.62781967331205,21.157216727946803,797.3084018236272,17.771604786227783,17.771604786227783
best_single,5,shared,0.05,5.0,full_pressure_nuisance,4.0,0.5,1.7778785937594113,16.91420245645361,0.10511158290416835,3.0844285320746043,508.18380178357467,22.54293241314392,1045.035143741575,20.59218865364831,20.59218865364831
symmetric_10_40,10+40,shared,0.0025,0.25,raw,1.0,1.0,80.114703114458,4135.093535036885,0.019374338799265724,7.184334670177772,8866.232646100798,94.16067462641078,154543.137812811,34.37937572474127,34.37937572474127
symmetric_10_40,10+40,shared,0.0025,0.25,shared_static_nuisance,1.0,1.0,3.49879655327477,430.1315959971438,0.008134246788273613,11.08769645201874,1000.0861365627362,31.6241385109972,52299.47215667521,35.256334910746666,35.25633491074668
symmetric_10_40,10+40,shared,0.0025,0.25,full_pressure_nuisance,0.25,2.0,1.3517365881565537,13.45270309008963,0.1004806676475566,3.154704926201977,386.3765730632974,19.65646390028729,631.9444390383027,15.299928882143552,15.299928882143552
symmetric_10_40,10+40,shared,0.0025,0.25,full_pressure_nuisance,1.0,1.0,2.0400586177021927,22.36905461132917,0.09120003742442347,3.3113302132513627,583.1246002085211,24.14797300413683,1585.8698636543522,24.37808963034057,24.37808963034057
symmetric_10_40,10+40,shared,0.0025,0.25,full_pressure_nuisance,4.0,0.5,2.344025709893593,33.63114406458916,0.06969806633374867,3.7878226379724875,670.0096963388971,25.884545511538292,2739.5629387624354,28.58202986583126,28.58202986583126
symmetric_10_40,10+40,shared,0.005,0.5,raw,1.0,1.0,70.42590163911495,1161.30753480569,0.060643627573551066,4.060760855899594,7793.980430180479,88.28352298238035,38153.2747661451,30.007509667905666,30.007509667905666
symmetric_10_40,10+40,shared,0.005,0.5,shared_static_nuisance,1.0,1.0,2.983449740438783,288.6537940738521,0.010335737141481905,9.836243517369127,852.7808573927682,29.20241184205113,29927.69480992833,35.200159607370146,35.20015960737015
symmetric_10_40,10+40,shared,0.005,0.5,full_pressure_nuisance,0.25,2.0,1.2956122821128833,12.849045879080847,0.10083334547215148,3.149183096931712,370.33415975237085,19.24406817053948,578.5264324475497,14.451776607024811,14.451776607024838
symmetric_10_40,10+40,shared,0.005,0.5,full_pressure_nuisance,1.0,1.0,2.0021505339792354,21.015292494373,0.09527112385018319,3.239808614396864,572.2890604971581,23.922563836201963,1462.2089451897587,23.776181215089995,23.77618121509001
symmetric_10_40,10+40,shared,0.005,0.5,full_pressure_nuisance,4.0,0.5,2.313581056386029,31.174964985930316,0.07421278764643936,3.6707991914765197,661.3074824657089,25.715899410009147,2506.5014728324213,28.130317288886612,28.130317288886612
symmetric_10_40,10+40,shared,0.01,1.0,raw,1.0,1.0,46.38023629058121,439.4844997275892,0.1055332698180018,3.078260026911992,5132.865118977257,71.64401663068074,9508.864961095169,18.467390683248382,18.467390683248382
symmetric_10_40,10+40,shared,0.01,1.0,shared_static_nuisance,1.0,1.0,2.8015540518788957,155.43474635196037,0.018023988314267686,7.448598263197795,800.7883069087989,28.298203245238007,15132.977449935157,34.58935769449134,34.58935769449134
symmetric_10_40,10+40,shared,0.01,1.0,full_pressure_nuisance,0.25,2.0,1.2588344572719539,12.544230932724679,0.10035166476312055,3.1567319744350226,359.8216900513475,18.96896649929425,548.7694582996617,13.939286298863259,13.939286298863259
symmetric_10_40,10+40,shared,0.01,1.0,full_pressure_nuisance,1.0,1.0,1.9578475883161692,19.98624366417762,0.09795975778206491,3.1950388895578965,559.6256314889595,23.656407831472627,1359.8384862579192,23.13930209632232,23.139302096322336
symmetric_10_40,10+40,shared,0.01,1.0,full_pressure_nuisance,4.0,0.5,2.2638653833790006,28.64619561936945,0.07902848299507745,3.557199128783826,647.096894743002,25.438099275358645,2253.693344783283,27.419768387714523,27.419768387714523
symmetric_10_40,10+40,shared,0.02,2.0,raw,1.0,1.0,18.107310360436408,281.29025055107553,0.06437233542564091,3.9413986835973533,2003.9221267713565,44.76518878292994,2376.0785071212235,6.483395228833394,6.483395228833394
symmetric_10_40,10+40,shared,0.02,2.0,shared_static_nuisance,1.0,1.0,2.5956841678727414,59.229685443679855,0.043824041077187854,4.7768740329458605,741.9430400304979,27.238631390554442,5342.795414087943,32.10768984343223,32.10768984343223
symmetric_10_40,10+40,shared,0.02,2.0,full_pressure_nuisance,0.25,2.0,1.1885258957180025,12.095721506341746,0.09826002484389727,3.190153388154276,339.72488915963453,18.43162741484415,499.59455655594303,13.038883263518022,13.038883263518022
symmetric_10_40,10+40,shared,0.02,2.0,full_pressure_nuisance,1.0,1.0,1.8329774887515864,17.853810652535408,0.10266589718152334,3.1209506154229887,523.9331144922616,22.889585284409623,1137.2745642865311,21.417693195383052,21.417693195383066
symmetric_10_40,10+40,shared,0.02,2.0,full_pressure_nuisance,4.0,0.5,2.1103302518430307,23.347498910646685,0.09038785096080247,3.326174039333399,603.2108458726432,24.560351094246254,1712.253484167571,25.254680142468576,25.254680142468576
symmetric_10_40,10+40,shared,0.05,5.0,raw,1.0,1.0,3.348801661952976,243.83795021969442,0.013733718065361666,8.53308233578434,370.60930723421495,19.251215733927427,380.92799069415764,1.1258561907989766,1.1258561907993003
symmetric_10_40,10+40,shared,0.05,5.0,shared_static_nuisance,1.0,1.0,1.7170729301484682,16.28472561814514,0.1054407037865736,3.0796109274377415,490.8032824318895,22.1540804916812,971.731893873516,19.836256477089464,19.836256477089464
symmetric_10_40,10+40,shared,0.05,5.0,full_pressure_nuisance,0.25,2.0,0.9158538384816521,10.761347855123603,0.08510586692405854,3.4278376928071133,261.78507753644084,16.179773717096317,342.50751912015954,9.722973695465777,9.722973695465814
symmetric_10_40,10+40,shared,0.05,5.0,full_pressure_nuisance,1.0,1.0,1.2971365348358284,12.682892199308654,0.10227450603944543,3.1269166477303427,370.7698478507282,19.255384905286316,571.7172064608625,14.360010884691276,14.36001088469125
symmetric_10_40,10+40,shared,0.05,5.0,full_pressure_nuisance,4.0,0.5,1.4463237664903095,13.71585894565834,0.10544901141230628,3.0794896140248995,413.41310528453727,20.332562683649527,689.3913074057092,16.263336991291006,16.263336991291006
best_pair,5+7.5,shared,0.0025,0.25,raw,1.0,1.0,82.45192185513133,6760.284680953328,0.012196516233618738,9.054867526192604,9124.8908485787,95.52429454635454,260026.69038311773,35.07679645785973,35.07679645785973
best_pair,5+7.5,shared,0.0025,0.25,shared_static_nuisance,1.0,1.0,3.8617151980582474,485.4018993098681,0.007955706814391816,11.21141981052293,1103.8217781816757,33.22381342022128,65141.68420467936,35.35664922232261,35.35664922232261
best_pair,5+7.5,shared,0.0025,0.25,full_pressure_nuisance,0.25,2.0,1.4914248454747756,14.672828117533932,0.10164535654122009,3.13657898386006,426.3046704697632,20.647146787625722,760.4881897444136,17.03677561884411,17.03677561884411
best_pair,5+7.5,shared,0.0025,0.25,full_pressure_nuisance,1.0,1.0,2.237025345603689,28.376282936539987,0.07883433325663254,3.561576692225129,639.425014061976,25.28685457034892,2205.990717362865,26.92205928591871,26.92205928591871
best_pair,5+7.5,shared,0.0025,0.25,full_pressure_nuisance,4.0,0.5,2.5890754637318456,56.246301357526704,0.046031034952405514,4.6609519973606695,740.0540266822458,27.203934029515764,5060.762407405266,31.706424779827145,31.706424779827145
best_pair,5+7.5,shared,0.005,0.5,raw,1.0,1.0,75.3390889178945,1813.2764386911892,0.041548595299828496,4.905935422856389,8337.71909180027,91.31111154618736,63728.91769324267,32.313934358844264,32.313934358844264
best_pair,5+7.5,shared,0.005,0.5,shared_static_nuisance,1.0,1.0,3.103071329287631,327.9549838753219,0.009461881910193261,10.280429004786356,886.9731548927095,29.782094535017336,35365.78187556847,35.34559024531587,35.34559024531587
best_pair,5+7.5,shared,0.005,0.5,full_pressure_nuisance,0.25,2.0,1.4532106728074965,14.109925923038833,0.10299208378087081,3.116004509144286,415.3816391580426,20.380913599690338,712.5750019191013,16.464438660065717,16.46443866006574
best_pair,5+7.5,shared,0.005,0.5,full_pressure_nuisance,1.0,1.0,2.2172628746946654,26.990117747676454,0.08215091521360803,3.488942378575846,633.7761651279503,25.17491142244497,2079.693022364861,26.655262911400786,26.655262911400772
best_pair,5+7.5,shared,0.005,0.5,full_pressure_nuisance,4.0,0.5,2.573361608139106,53.38076142651738,0.04820766020135421,4.554513287336179,735.5624225289438,27.121254073677047,4773.784960238795,31.607401426872716,31.607401426872716
best_pair,5+7.5,shared,0.01,1.0,raw,1.0,1.0,57.330575490012485,592.7546833192278,0.09671889080484436,3.215469143665364,6344.730745654637,79.65381814862761,15853.072866902094,23.577879298801985,23.577879298801985
best_pair,5+7.5,shared,0.01,1.0,shared_static_nuisance,1.0,1.0,2.8622624999006483,200.31738952392163,0.014288637180741819,8.365744482359165,818.1410384307184,28.603164832422273,19925.32357442595,34.994854303100894,34.99485430310091
best_pair,5+7.5,shared,0.01,1.0,full_pressure_nuisance,0.25,2.0,1.4192304762377526,13.738277441739404,0.10330483441292795,3.1112841536455482,405.66883562984935,20.141222297314762,677.5829686799605,15.991383812492497,15.991383812492497
best_pair,5+7.5,shared,0.01,1.0,full_pressure_nuisance,1.0,1.0,2.189851300964475,25.80560567265924,0.08485951962307937,3.432809595805942,625.9409182219043,25.018811287147603,1963.8393255366732,26.282808640115007,26.28280864011499
best_pair,5+7.5,shared,0.01,1.0,full_pressure_nuisance,4.0,0.5,2.5443395472178683,49.17222460326097,0.051743429705418176,4.3961489038963215,727.2668385074485,26.967885317678295,4347.826398818737,31.25590922780717,31.255909227807155
best_pair,5+7.5,shared,0.02,2.0,raw,1.0,1.0,27.081786380171167,313.3709052291081,0.0864208703752234,3.40165826776766,2997.1204932951837,54.74596326027321,3959.0240569499915,10.024204694903407,10.024204694903407
best_pair,5+7.5,shared,0.02,2.0,shared_static_nuisance,1.0,1.0,2.701338748814609,86.18509709754672,0.03134345542080387,5.648414555316975,772.1430473917172,27.78746205380616,8090.744630337868,33.467730585560446,33.467730585560446
best_pair,5+7.5,shared,0.02,2.0,full_pressure_nuisance,0.25,2.0,1.3466742532015061,13.11780731773792,0.10266001173691056,3.1210400753715293,384.9295695207675,19.61962205346391,613.9048643639893,15.031086612021367,15.031086612021367
best_pair,5+7.5,shared,0.02,2.0,full_pressure_nuisance,1.0,1.0,2.104435352960345,23.11057243536502,0.09105942134691682,3.313885943564395,601.5258646057287,24.52602423153269,1690.1434317335452,25.106647275308514,25.1066472753085
best_pair,5+7.5,shared,0.02,2.0,full_pressure_nuisance,4.0,0.5,2.4444773845497263,38.73835678575239,0.06310224767842457,3.9808662429138937,698.7225196449797,26.433359976457396,3290.8227316632183,29.894919124559557,29.894919124559568
best_pair,5+7.5,shared,0.05,5.0,raw,1.0,1.0,5.47437366082238,248.28119913246775,0.02204908659999498,6.734489783334602,605.8447273928475,24.613913288886987,634.0601107540472,1.8540365589836478,1.8540365589836478
best_pair,5+7.5,shared,0.05,5.0,shared_static_nuisance,1.0,1.0,2.071178774477469,22.074352346755425,0.09382738582506585,3.2646392053894537,592.0198980301343,24.33145901975741,1588.8497403069325,24.639855050262746,24.639855050262746
best_pair,5+7.5,shared,0.05,5.0,full_pressure_nuisance,0.25,2.0,1.1016045954350882,11.589214143006703,0.09505429633465104,3.243501658956435,314.87954989474173,17.74484572755542,443.6668669748364,11.925856271413952,11.925856271413952
best_pair,5+7.5,shared,0.05,5.0,full_pressure_nuisance,1.0,1.0,1.6629182638087494,15.61831308930337,0.10647233502750336,3.0646551361030467,475.32386537751927,21.801923432979926,902.5729173335652,19.06640679516072,19.06640679516072
best_pair,5+7.5,shared,0.05,5.0,full_pressure_nuisance,4.0,0.5,1.8986208536461202,18.6869404655814,0.10160148244401489,3.1372561379465997,542.6964287315267,23.295845739777867,1232.973432683879,22.251470744200542,22.251470744200542
best_single,5,fixed,0.0025,0.25,raw,1.0,1.0,53.69037259192939,5953.069868804119,0.009018938761878662,10.529852335851254,5941.872287484921,77.08354096358651,149104.09052914783,26.97469862968879,26.97469862968879
best_single,5,fixed,0.0025,0.25,shared_static_nuisance,1.0,1.0,2.4014680709245235,467.1228673026062,0.00514097732956591,13.946882935633704,686.4288587691036,26.199787380227033,38983.89377385318,26.53302579919226,26.533025799192245
best_single,5,fixed,0.0025,0.25,full_pressure_nuisance,0.25,2.0,0.9346206818033129,14.775445271773105,0.06325499263218855,3.976056940713237,267.1493390895944,16.34470370149286,479.90274588610004,13.155867294893289,13.155867294893316
best_single,5,fixed,0.0025,0.25,full_pressure_nuisance,1.0,1.0,1.3765926699079003,27.02020709562489,0.050946784568901324,4.4303864518054,393.48136535124144,19.836364721169083,1292.6215623909172,20.23500259038422,20.23500259038422
best_single,5,fixed,0.0025,0.25,full_pressure_nuisance,4.0,0.5,1.5850390132423569,47.490031018268276,0.033376247167171365,5.4737032444896405,453.063080095664,21.28527848292486,2615.8912160984496,23.682660495671104,23.682660495671087
best_single,5,fixed,0.005,0.5,raw,1.0,1.0,46.767827360910424,1632.8536098950717,0.028641776015619524,5.908810035696011,5175.7595249663855,71.94275171944972,35624.32187449038,24.372974224971543,24.37297422497156
best_single,5,fixed,0.005,0.5,shared_static_nuisance,1.0,1.0,1.9860761624112726,317.2472760658926,0.006260341103760217,12.638659147235325,567.6944074745262,23.82633852429966,21896.31695073965,27.08551881539277,27.08551881539277
best_single,5,fixed,0.005,0.5,full_pressure_nuisance,0.25,2.0,0.8954035695352183,14.127308383343419,0.0633810450822274,3.9721011747638175,255.93963035170373,15.998113337256482,439.5978067272072,12.571857016331125,12.571857016331153
best_single,5,fixed,0.005,0.5,full_pressure_nuisance,1.0,1.0,1.3508018414819756,25.560856232944367,0.05284650205656965,4.350026241252618,386.1093877107885,19.649666351131476,1199.8979512672715,19.890967236711433,19.890967236711433
best_single,5,fixed,0.005,0.5,full_pressure_nuisance,4.0,0.5,1.5677245053336417,44.67999846059145,0.035087837048973995,5.338530168247796,448.1139499998588,21.16870213309873,2434.2219067965216,23.503507545470416,23.503507545470416
best_single,5,fixed,0.01,1.0,raw,1.0,1.0,33.43631914829514,564.4004170726694,0.059242194259381716,4.1085107916574195,3700.3717529168457,60.83068101638223,8803.552296260328,17.07756683634805,17.077566836348073
best_single,5,fixed,0.01,1.0,shared_static_nuisance,1.0,1.0,1.8192617505469397,188.82948407663633,0.009634415724022174,10.187961824179617,520.0126465764142,22.80378579482833,11938.293876099475,26.95259067132415,26.95259067132415
best_single,5,fixed,0.01,1.0,full_pressure_nuisance,0.25,2.0,0.8697151535812349,13.7882669545146,0.06307646613242208,3.9816797190579996,248.59692600332139,15.766956776858411,416.7388514448968,12.199918612746746,12.199918612746746
best_single,5,fixed,0.01,1.0,full_pressure_nuisance,1.0,1.0,1.327387042651488,24.512605246607897,0.05415120217934299,4.297302724182005,379.41656766703414,19.4786182176004,1130.7440611528398,19.55121586798146,19.55121586798146
best_single,5,fixed,0.01,1.0,full_pressure_nuisance,4.0,0.5,1.544446931137383,41.48255484528258,0.037231239418538814,5.182582843289609,441.460353858437,21.010957947186437,2226.4644045371,23.166355084814295,23.166355084814295
best_single,5,fixed,0.02,2.0,raw,1.0,1.0,15.066528747260982,312.3240322149494,0.04824005581770861,4.552983738477497,1667.4011617010435,40.83382374577531,2195.1831882924457,7.259775209959629,7.2597752099596775
best_single,5,fixed,0.02,2.0,shared_static_nuisance,1.0,1.0,1.691333256632083,79.10565347603685,0.021380687502245734,6.838945880965708,483.44592676646954,21.987403820516636,4649.582747215307,25.55118603728868,25.55118603728868
best_single,5,fixed,0.02,2.0,full_pressure_nuisance,0.25,2.0,0.8219137692930818,13.279741803529468,0.061892300426702185,4.019589355980144,234.93351316774366,15.327541001991927,379.30900869908004,11.530820491931506,11.530820491931506
best_single,5,fixed,0.02,2.0,full_pressure_nuisance,1.0,1.0,1.2639264559877077,22.170953114446057,0.057008214733184556,4.1882372933348275,361.2771725995552,19.00729261624483,973.830647420336,18.585187507153826,18.585187507153808
best_single,5,fixed,0.02,2.0,full_pressure_nuisance,4.0,0.5,1.46937716700535,33.71498126639668,0.04358232191781939,4.7901026235043345,420.0026242533213,20.49396555704438,1721.6048592965121,21.985161236864073,21.98516123686405
best_single,5,fixed,0.05,5.0,raw,1.0,1.0,3.032919463752016,248.63271242600717,0.01219839269804294,9.054171049587806,335.650867033667,18.320776922217764,351.78013124417663,1.391427112655013,1.391427112655275
best_single,5,fixed,0.05,5.0,shared_static_nuisance,1.0,1.0,1.2219696274104697,20.998165074164437,0.058194114728336306,4.1453429584091515,349.28435108069283,18.689150624913182,891.7005348806293,17.99955790055072,17.99955790055072
best_single,5,fixed,0.05,5.0,full_pressure_nuisance,0.25,2.0,0.6584995038600876,11.77154706015716,0.05593992875319619,4.2280395929153185,188.22364053363563,13.719462108028711,269.3805686802639,9.155981589933758,9.155981589933758
best_single,5,fixed,0.05,5.0,full_pressure_nuisance,1.0,1.0,0.9655233721523919,15.312581687160314,0.06305425119540677,3.9823810593567743,275.9824769214236,16.612720334774302,513.7933509895042,13.892478458491267,13.892478458491293
best_single,5,fixed,0.05,5.0,full_pressure_nuisance,4.0,0.5,1.0941713645177271,17.67865322750132,0.06189223525328326,4.019591472322452,312.75485613872314,17.6848764807313,672.2205609229276,15.942178949764278,15.942178949764278
symmetric_10_40,10+40,fixed,0.0025,0.25,raw,1.0,1.0,52.047409285514554,4190.813254643352,0.012419405524177649,8.9732464530587,5760.046800559387,75.89497216917196,101753.55383040779,26.586977817019907,26.586977817019907
symmetric_10_40,10+40,fixed,0.0025,0.25,shared_static_nuisance,1.0,1.0,2.2582775405116067,436.160841771386,0.00517762560100543,13.897435865210662,645.499681501283,25.40668576381585,34229.55536561012,26.760101895842748,26.760101895842748
symmetric_10_40,10+40,fixed,0.0025,0.25,full_pressure_nuisance,0.25,2.0,0.8699019317994385,13.997857532665684,0.06214536258633993,4.011396921533569,248.65031416230497,15.768649725398335,423.16440999613326,12.281236205665564,12.281236205665595
symmetric_10_40,10+40,fixed,0.0025,0.25,full_pressure_nuisance,1.0,1.0,1.2848053948978073,23.269670101604856,0.05521373484401901,4.25575322923549,367.2451495974138,19.163641344937915,1038.9744027102038,18.904633995782856,18.904633995782856
symmetric_10_40,10+40,fixed,0.0025,0.25,full_pressure_nuisance,4.0,0.5,1.474294136280756,34.74433299845267,0.0424326504223412,4.854560527009756,421.408076880064,20.528226345207322,1780.1040452836833,22.02838847120727,22.02838847120727
symmetric_10_40,10+40,fixed,0.005,0.5,raw,1.0,1.0,44.23116347354538,1194.4153794156405,0.03703164262267384,5.196530871737772,4895.02888132649,69.96448299906524,24645.402237761573,23.030666304823402,23.030666304823402
symmetric_10_40,10+40,fixed,0.005,0.5,shared_static_nuisance,1.0,1.0,1.928982657148401,292.2411346346649,0.0066006541466513665,12.30853914413254,551.3749609929275,23.481374767950182,19590.563970026637,27.150231275005467,27.150231275005467
symmetric_10_40,10+40,fixed,0.005,0.5,full_pressure_nuisance,0.25,2.0,0.82518950968599,13.368916878438789,0.06172448502666994,4.02504984001488,235.8698415606763,15.358054615109177,383.3780036107886,11.600992790458829,11.600992790458829
symmetric_10_40,10+40,fixed,0.005,0.5,full_pressure_nuisance,1.0,1.0,1.2526201911542754,21.885655207185867,0.05723475853457629,4.179940237690856,358.04542175492855,18.922088197525362,952.7001442168214,18.41029052654086,18.410290526540837
symmetric_10_40,10+40,fixed,0.005,0.5,full_pressure_nuisance,4.0,0.5,1.449357887268931,32.244330296643284,0.04494923212654886,4.716706593899021,414.28036980853943,20.353878495474504,1624.0757048055334,21.656399095132848,21.656399095132848
symmetric_10_40,10+40,fixed,0.01,1.0,raw,1.0,1.0,28.543457294850185,459.04955533441546,0.062179468345321474,4.010296634687613,3158.882490503963,56.20393661038311,6112.492045700368,14.37412137398829,14.37412137398829
symmetric_10_40,10+40,fixed,0.01,1.0,shared_static_nuisance,1.0,1.0,1.7918749517448793,157.66156260018198,0.011365325334805549,9.380134463373116,512.184481265934,22.631493129396787,9817.723467858408,26.783224261074,26.783224261073983
symmetric_10_40,10+40,fixed,0.01,1.0,full_pressure_nuisance,0.25,2.0,0.7978974074851044,13.049445580934496,0.0611441614539432,4.044105748294622,228.06874405953346,15.101945042263049,361.8398416984887,11.19401115930368,11.19401115930368
symmetric_10_40,10+40,fixed,0.01,1.0,full_pressure_nuisance,1.0,1.0,1.221212670255131,20.831640139889085,0.05862297265382931,4.1301524420747056,349.067984582813,18.68336116930819,884.0809575993178,17.91753525614835,17.91753525614835
symmetric_10_40,10+40,fixed,0.01,1.0,full_pressure_nuisance,4.0,0.5,1.4146480559930439,29.675320988184748,0.047670859451066666,4.580084695275651,404.35900955426683,20.108679955538275,1458.8851462915213,21.102157743549306,21.102157743549306
symmetric_10_40,10+40,fixed,0.02,2.0,raw,1.0,1.0,11.337128987500996,288.4925010767847,0.03929782904299313,5.044472054900478,1254.6713553744291,35.421340394943115,1525.7724793163427,5.382166779467622,5.382166779467622
symmetric_10_40,10+40,fixed,0.02,2.0,shared_static_nuisance,1.0,1.0,1.6404693821207403,60.607578840308605,0.027067066751554587,6.07826181591818,468.9071403648855,21.654263791800577,3455.193184124576,24.770978711843792,24.770978711843807
symmetric_10_40,10+40,fixed,0.02,2.0,full_pressure_nuisance,0.25,2.0,0.7496505005416669,12.57417622810163,0.059618259434466706,4.095532284000042,214.27798428500392,14.638237062057847,327.5786948005508,10.491921655153018,10.491921655153053
symmetric_10_40,10+40,fixed,0.02,2.0,full_pressure_nuisance,1.0,1.0,1.1393439375336505,18.63747012075163,0.06113189881201011,4.044511337970542,325.6668569762137,18.046242184350007,737.936642868833,16.625964852478088,16.625964852478088
symmetric_10_40,10+40,fixed,0.02,2.0,full_pressure_nuisance,4.0,0.5,1.3127371078336998,24.28064511196817,0.054065165969854674,4.300720605718521,375.2290716266872,19.370830432035877,1107.6823950592848,19.454104066238322,19.454104066238322
symmetric_10_40,10+40,fixed,0.05,5.0,raw,1.0,1.0,2.1410830993424526,245.11479984674878,0.008735021715053947,10.699611417731298,236.95202173168732,15.393245977755546,244.82469285213935,0.9767140477633176,0.9767140477636906
symmetric_10_40,10+40,fixed,0.05,5.0,shared_static_nuisance,1.0,1.0,1.0621383390062265,17.016094688808877,0.06241963026362166,4.0025743145941535,303.59862649278165,17.424081797695443,628.0847505747956,15.432254352128957,15.432254352128957
symmetric_10_40,10+40,fixed,0.05,5.0,full_pressure_nuisance,0.25,2.0,0.5759428259788542,11.128172450002655,0.051755382886676665,4.395641217582696,164.62587262328947,12.830661425791325,222.73090942952908,7.943385936574246,7.943385936574246
symmetric_10_40,10+40,fixed,0.05,5.0,full_pressure_nuisance,1.0,1.0,0.8057120347010738,13.219303247213475,0.060949659723625114,4.050553356313999,230.30245505761417,15.175719259976253,370.1397148652109,11.415522573903274,11.415522573903274
symmetric_10_40,10+40,fixed,0.05,5.0,full_pressure_nuisance,4.0,0.5,0.8957859581681515,14.320664063697162,0.06255198461354639,3.998337529369382,256.0489312398099,16.001529028183835,445.8047357715077,12.813568784906774,12.813568784906774
best_pair,5+7.5,fixed,0.0025,0.25,raw,1.0,1.0,54.41230498297655,6833.905094475878,0.007962110130408486,11.206910660151518,6021.767990582456,77.60005148569462,173467.54310028598,27.101864222300584,27.1018642223006
best_pair,5+7.5,fixed,0.0025,0.25,shared_static_nuisance,1.0,1.0,2.4648342316180925,492.8073433925211,0.005001618309195632,14.139847544326388,704.5412633836363,26.54319617875052,42212.605364827876,26.455734022088226,26.455734022088226
best_pair,5+7.5,fixed,0.0025,0.25,full_pressure_nuisance,0.25,2.0,0.9785838029275109,15.26392309030175,0.06411089712246221,3.9494268368794354,279.7156336102595,16.72470130107738,519.0885656877506,13.67691122136,13.676911221359973
best_pair,5+7.5,fixed,0.0025,0.25,full_pressure_nuisance,1.0,1.0,1.4305161117785004,29.38180479900541,0.048687142316966324,4.532030852948354,408.894689855651,20.22114462278659,1460.657835859951,20.913126349608422,20.913126349608422
best_pair,5+7.5,fixed,0.0025,0.25,full_pressure_nuisance,4.0,0.5,1.6452875537230698,57.62095563136877,0.028553631846178155,5.917923164118689,470.2843529434677,21.686040508665194,3294.576066740859,24.474981458629298,24.474981458629284
best_pair,5+7.5,fixed,0.005,0.5,raw,1.0,1.0,47.64680323120316,1852.3639235404794,0.02572216108599998,6.2351409166983665,5273.035109264443,72.61566710610352,41172.97442169364,24.80866247184515,24.80866247184515
best_pair,5+7.5,fixed,0.005,0.5,shared_static_nuisance,1.0,1.0,2.014057400675382,332.1048344945175,0.00606452298034412,12.84108370562893,575.6924856839044,23.99359259643925,23244.719599540207,27.06193418497596,27.06193418497596
best_pair,5+7.5,fixed,0.005,0.5,full_pressure_nuisance,0.25,2.0,0.9460626063422253,14.680143152043598,0.06444505319490194,3.939174380863321,270.4198665217347,16.44444789349082,482.6445847793765,13.22003087575544,13.22003087575544
best_pair,5+7.5,fixed,0.005,0.5,full_pressure_nuisance,1.0,1.0,1.4071519786427216,27.971401381773084,0.05030681013928961,4.458477813248795,402.21635195114254,20.055332257311086,1367.8311856426797,20.654474378337877,20.654474378337895
best_pair,5+7.5,fixed,0.005,0.5,full_pressure_nuisance,4.0,0.5,1.6289180857552157,54.7094503726684,0.029773980083137266,5.795375136627941,465.605350398368,21.57789031389232,3096.9833261170083,24.368818559382085,24.3688185593821
best_pair,5+7.5,fixed,0.01,1.0,raw,1.0,1.0,35.24831220739428,617.6857463924956,0.057065121565872214,4.186148462525711,3900.9036327159924,62.457214416878955,10156.827270837306,18.080978959812068,18.080978959812068
best_pair,5+7.5,fixed,0.01,1.0,shared_static_nuisance,1.0,1.0,1.831604411185077,202.94953037182694,0.009024925595192888,10.526359180794389,523.5406378741495,22.881010420742996,12918.051203627854,27.01067536753835,27.01067536753835
best_pair,5+7.5,fixed,0.01,1.0,full_pressure_nuisance,0.25,2.0,0.9173769951175019,14.2963618336993,0.06416856300846178,3.947651836964884,262.22045233235497,16.193222419653075,455.77515430417196,12.831386479481342,12.831386479481342
best_pair,5+7.5,fixed,0.01,1.0,full_pressure_nuisance,1.0,1.0,1.3820280278386816,26.770027819383248,0.051625946643133594,4.401148129806418,395.03499272884443,19.87548723248928,1285.7097678799194,20.329690735477953,20.329690735477932
best_pair,5+7.5,fixed,0.01,1.0,full_pressure_nuisance,4.0,0.5,1.6053769298601186,50.45473678047539,0.03181816083681078,5.60612095419296,458.8764128077233,21.42140081338574,2814.85632484342,24.07208274234861,24.07208274234859
best_pair,5+7.5,fixed,0.02,2.0,raw,1.0,1.0,16.72522262439177,324.4396689325499,0.05155110248823763,4.404341861111296,1850.967538802808,43.02287227513765,2531.383921797695,8.106794751979374,8.106794751979418
best_pair,5+7.5,fixed,0.02,2.0,shared_static_nuisance,1.0,1.0,1.7088229173914613,87.81027600811126,0.019460397974761096,7.16843152721763,488.4451220589962,22.100794602434462,5214.584053281374,25.80401168034379,25.804011680343763
best_pair,5+7.5,fixed,0.02,2.0,full_pressure_nuisance,0.25,2.0,0.8587302138228996,13.654805413736963,0.062888498796109,3.9876256975535496,245.45702181169142,15.667068066862141,407.49241505080255,12.041714217465422,12.041714217465454
best_pair,5+7.5,fixed,0.02,2.0,full_pressure_nuisance,1.0,1.0,1.3159844397064047,24.031691246885906,0.054760375630114405,4.273333532824224,376.1572798083463,19.394774549046613,1099.0371174756647,19.37934739851804,19.37934739851804
best_pair,5+7.5,fixed,0.02,2.0,full_pressure_nuisance,4.0,0.5,1.5320530173039872,39.90818345688394,0.038389445086098414,5.1038051142078436,437.917712491956,20.926483519501218,2124.775375722942,22.97511059354943,22.97511059354943
best_pair,5+7.5,fixed,0.05,5.0,raw,1.0,1.0,3.4712275201580027,250.39829726475816,0.013862823981137968,8.493254649165127,384.15808290893165,19.59995109455459,405.4773617507857,1.5957364229858544,1.5957364229858544
best_pair,5+7.5,fixed,0.05,5.0,shared_static_nuisance,1.0,1.0,1.2797241022484493,22.988929639066654,0.0556669719878444,4.238392776428179,365.79272724102253,19.12570854219583,1022.380060175863,18.93372868424215,18.93372868424215
best_pair,5+7.5,fixed,0.05,5.0,full_pressure_nuisance,0.25,2.0,0.6898675134963528,12.035463280248337,0.0573195644764676,4.176846922289208,197.18978391783241,14.042427992260897,288.53983322805504,9.616310718584277,9.616310718584277
best_pair,5+7.5,fixed,0.05,5.0,full_pressure_nuisance,1.0,1.0,1.0267291278307236,16.324541734407273,0.06289482084919323,3.9874252787070947,293.4773574609776,17.13118085424871,582.4707907285392,14.850975282603542,14.850975282603542
best_pair,5+7.5,fixed,0.05,5.0,full_pressure_nuisance,4.0,0.5,1.1710815649995605,19.51011102531492,0.06002434140328823,4.081655045164223,334.7386508781316,18.29586431077066,794.0066785755787,17.171220012974686,17.171220012974686
best_single,5,nuisance,0.0025,0.25,raw,1.0,1.0,53.69037259192939,5953.069868804119,0.009018938761878662,10.529852335851254,5941.872287484921,77.08354096358651,149104.09052914783,26.97469862968879,26.97469862968879
best_single,5,nuisance,0.0025,0.25,shared_static_nuisance,1.0,1.0,2.4014680709245235,467.1228673026062,0.00514097732956591,13.946882935633704,686.4288587691036,26.199787380227033,38983.89377385318,26.53302579919226,26.533025799192245
best_single,5,nuisance,0.0025,0.25,full_pressure_nuisance,0.25,2.0,0.7773652305483527,12.67255960224286,0.06134240082096519,4.037565820666245,222.19988452590914,14.90637060205834,342.34715613440153,10.587175156574814,10.587175156574814
best_single,5,nuisance,0.0025,0.25,full_pressure_nuisance,1.0,1.0,1.2658809366233952,21.862293808372435,0.0579024757291758,4.155769327903667,361.83583583080303,19.021982962635704,961.7581082140006,18.350705613337237,18.350705613337237
best_single,5,nuisance,0.0025,0.25,full_pressure_nuisance,4.0,0.5,1.5446378086546875,40.89370028526142,0.03777202351168484,5.145349435945865,441.51491374951127,21.01225627460105,2195.130483702188,22.986700097850303,22.986700097850303
best_single,5,nuisance,0.005,0.5,raw,1.0,1.0,46.767827360910424,1632.8536098950717,0.028641776015619524,5.908810035696011,5175.7595249663855,71.94275171944972,35624.32187449038,24.372974224971543,24.37297422497156
best_single,5,nuisance,0.005,0.5,shared_static_nuisance,1.0,1.0,1.9860761624112726,317.2472760658926,0.006260341103760217,12.638659147235325,567.6944074745262,23.82633852429966,21896.31695073965,27.08551881539277,27.08551881539277
best_single,5,nuisance,0.005,0.5,full_pressure_nuisance,0.25,2.0,0.7301946638422581,12.240819449372392,0.059652433144882014,4.094358990827803,208.7167828084289,14.447033702751195,310.61785563216165,9.979146170665786,9.979146170665821
best_single,5,nuisance,0.005,0.5,full_pressure_nuisance,1.0,1.0,1.2343946614930572,20.901732963106625,0.059057048698874445,4.114945902285208,352.8358877714115,18.783926314043384,896.6306901247945,17.95687838305851,17.95687838305851
best_single,5,nuisance,0.005,0.5,full_pressure_nuisance,4.0,0.5,1.5257426156395513,38.80628055643387,0.039316899062788215,5.0432485371268845,436.1139650820536,20.883341808294322,2057.5981748753825,22.79379951085666,22.79379951085666
best_single,5,nuisance,0.01,1.0,raw,1.0,1.0,33.43631914829514,564.4004170726694,0.059242194259381716,4.1085107916574195,3700.3717529168457,60.83068101638223,8803.552296260328,17.07756683634805,17.077566836348073
best_single,5,nuisance,0.01,1.0,shared_static_nuisance,1.0,1.0,1.8192617505469397,188.82948407663633,0.009634415724022174,10.187961824179617,520.0126465764142,22.80378579482833,11938.293876099475,26.95259067132415,26.95259067132415
best_single,5,nuisance,0.01,1.0,full_pressure_nuisance,0.25,2.0,0.7044475693298387,12.026818993805268,0.05857305823698544,4.131911870861131,201.3573059464374,14.190042492763629,294.4263803969341,9.64298218720866,9.642982187208622
best_single,5,nuisance,0.01,1.0,full_pressure_nuisance,1.0,1.0,1.2108699134635739,20.259568662333287,0.059767803236345826,4.09040540111198,346.11164015878666,18.604075901769125,852.520740082763,17.631618794742987,17.631618794742987
best_single,5,nuisance,0.01,1.0,full_pressure_nuisance,4.0,0.5,1.502687678946503,36.472247642606845,0.04120085204705247,4.926595448231323,429.52400701648145,20.724960965378955,1904.6208034559406,22.465056142707496,22.465056142707482
best_single,5,nuisance,0.02,2.0,raw,1.0,1.0,15.066528747260982,312.3240322149494,0.04824005581770861,4.552983738477497,1667.4011617010435,40.83382374577531,2195.1831882924457,7.259775209959629,7.2597752099596775
best_single,5,nuisance,0.02,2.0,shared_static_nuisance,1.0,1.0,1.691333256632083,79.10565347603685,0.021380687502245734,6.838945880965708,483.44592676646954,21.987403820516636,4649.582747215307,25.55118603728868,25.55118603728868
best_single,5,nuisance,0.02,2.0,full_pressure_nuisance,0.25,2.0,0.6637480632890334,11.726795244475213,0.056600976605415,4.203277254498166,189.72387395443894,13.774028965935818,270.49539706959337,9.111309582046822,9.111309582046822
best_single,5,nuisance,0.02,2.0,full_pressure_nuisance,1.0,1.0,1.1536550188567753,18.859876350087042,0.061169808191846975,4.0432578709100735,329.75749608956346,18.15922619743373,756.122342248838,16.78548338613054,16.78548338613054
best_single,5,nuisance,0.02,2.0,full_pressure_nuisance,4.0,0.5,1.430306089698404,30.606513228119198,0.0467320821237597,4.625859462348205,408.83465773675573,20.219660178567683,1521.3183871774115,21.33415792564505,21.33415792564507
best_single,5,nuisance,0.05,5.0,raw,1.0,1.0,3.032919463752016,248.63271242600717,0.01219839269804294,9.054171049587806,335.650867033667,18.320776922217764,351.78013124417663,1.391427112655013,1.391427112655275
best_single,5,nuisance,0.05,5.0,shared_static_nuisance,1.0,1.0,1.2219696274104697,20.998165074164437,0.058194114728336306,4.1453429584091515,349.28435108069283,18.689150624913182,891.7005348806293,17.99955790055072,17.99955790055072
best_single,5,nuisance,0.05,5.0,full_pressure_nuisance,0.25,2.0,0.5423302098098699,10.8728682742803,0.04987922194300362,4.477547119136371,155.01813723989244,12.45062798576411,204.920399378724,7.427923493600217,7.427923493600266
best_single,5,nuisance,0.05,5.0,full_pressure_nuisance,1.0,1.0,0.8946873451063961,14.288631789344729,0.06261532652647536,3.9963146505918097,255.73490678146294,15.991713691204671,444.26204305382134,12.779259151857321,12.779259151857293
best_single,5,nuisance,0.05,5.0,full_pressure_nuisance,4.0,0.5,1.0704178183890234,17.181319016841222,0.06230125971933785,4.006374896400705,305.9652095228645,17.491861236668456,639.1269072271996,15.561197915942163,15.561197915942163
symmetric_10_40,10+40,nuisance,0.0025,0.25,raw,1.0,1.0,52.047409285514554,4190.813254643352,0.012419405524177649,8.9732464530587,5760.046800559387,75.89497216917196,101753.55383040779,26.586977817019907,26.586977817019907
symmetric_10_40,10+40,nuisance,0.0025,0.25,shared_static_nuisance,1.0,1.0,2.2582775405116067,436.160841771386,0.00517762560100543,13.897435865210662,645.499681501283,25.40668576381585,34229.55536561012,26.760101895842748,26.760101895842748
symmetric_10_40,10+40,nuisance,0.0025,0.25,full_pressure_nuisance,0.25,2.0,0.72135371937079,12.240971583521265,0.05892944971311532,4.119398506253799,206.18971218131264,14.359307510507344,306.8608158053605,9.900366995225713,9.900366995225713
symmetric_10_40,10+40,nuisance,0.0025,0.25,full_pressure_nuisance,1.0,1.0,1.1829128625387548,19.716667090507755,0.05999557922790346,4.082633310670977,338.1204755902379,18.388052523044355,810.5196120670181,17.196537776437033,17.196537776437033
symmetric_10_40,10+40,nuisance,0.0025,0.25,full_pressure_nuisance,4.0,0.5,1.4381275668562172,31.549658420910042,0.04558298374169006,4.683803051760971,411.0703267028892,20.274869338737776,1576.7736109620785,21.41306301872908,21.41306301872908
symmetric_10_40,10+40,nuisance,0.005,0.5,raw,1.0,1.0,44.23116347354538,1194.4153794156405,0.03703164262267384,5.196530871737772,4895.02888132649,69.96448299906524,24645.402237761573,23.030666304823402,23.030666304823402
symmetric_10_40,10+40,nuisance,0.005,0.5,shared_static_nuisance,1.0,1.0,1.928982657148401,292.2411346346649,0.0066006541466513665,12.30853914413254,551.3749609929275,23.481374767950182,19590.563970026637,27.150231275005467,27.150231275005467
symmetric_10_40,10+40,nuisance,0.005,0.5,full_pressure_nuisance,0.25,2.0,0.6729363781679805,11.823225357222137,0.05691648072637995,4.191611088586119,192.35023595888512,13.86903875396147,276.49497578006475,9.250100879710583,9.250100879710583
symmetric_10_40,10+40,nuisance,0.005,0.5,full_pressure_nuisance,1.0,1.0,1.148123164365448,18.77883017619727,0.06113922718257117,4.04426893577295,328.1762864073141,18.1156365167585,749.2629949244949,16.698379478511495,16.698379478511495
symmetric_10_40,10+40,nuisance,0.005,0.5,full_pressure_nuisance,4.0,0.5,1.4125199215099773,29.533417887710094,0.0478278513811223,4.572561595934099,403.7507095971676,20.093548954755793,1449.7247799893164,21.041106001200735,21.041106001200735
symmetric_10_40,10+40,nuisance,0.01,1.0,raw,1.0,1.0,28.543457294850185,459.04955533441546,0.062179468345321474,4.010296634687613,3158.882490503963,56.20393661038311,6112.492045700368,14.37412137398829,14.37412137398829
symmetric_10_40,10+40,nuisance,0.01,1.0,shared_static_nuisance,1.0,1.0,1.7918749517448793,157.66156260018198,0.011365325334805549,9.380134463373116,512.184481265934,22.631493129396787,9817.723467858408,26.783224261074,26.783224261073983
symmetric_10_40,10+40,nuisance,0.01,1.0,full_pressure_nuisance,0.25,2.0,0.6480508177499196,11.624123241161996,0.05575051161322148,4.235216065803945,185.2370175720078,13.61018065905107,261.78607330825986,8.909997633494536,8.909997633494536
symmetric_10_40,10+40,nuisance,0.01,1.0,full_pressure_nuisance,1.0,1.0,1.1189397670054266,18.09627509594029,0.06183260152010228,4.021529329315098,319.8345864332925,17.883919772613957,703.6766963440075,16.25644543507183,16.256445435071853
symmetric_10_40,10+40,nuisance,0.01,1.0,full_pressure_nuisance,4.0,0.5,1.3787800066865947,27.460150043123765,0.05021021387433577,4.462764444733793,394.1065875255112,19.852117960699086,1315.7553762559073,20.50727484027733,20.50727484027733
symmetric_10_40,10+40,nuisance,0.02,2.0,raw,1.0,1.0,11.337128987500996,288.4925010767847,0.03929782904299313,5.044472054900478,1254.6713553744291,35.421340394943115,1525.7724793163427,5.382166779467622,5.382166779467622
symmetric_10_40,10+40,nuisance,0.02,2.0,shared_static_nuisance,1.0,1.0,1.6404693821207403,60.607578840308605,0.027067066751554587,6.07826181591818,468.9071403648855,21.654263791800577,3455.193184124576,24.770978711843792,24.770978711843807
symmetric_10_40,10+40,nuisance,0.02,2.0,full_pressure_nuisance,0.25,2.0,0.6107551013431187,11.35088671204306,0.0538068185188669,4.311032957820388,174.57651520678561,13.212740639503433,240.92072557904086,8.395727959456273,8.395727959456316
symmetric_10_40,10+40,nuisance,0.02,2.0,full_pressure_nuisance,1.0,1.0,1.0474019601898337,16.66253903887694,0.0628596852944225,3.988539512947479,299.3864215437351,17.30278652540495,606.5014345305502,15.14877959161396,15.148779591613936
symmetric_10_40,10+40,nuisance,0.02,2.0,full_pressure_nuisance,4.0,0.5,1.2809235567131465,22.978837247015452,0.05574361935478332,4.235477883226064,366.1355759215093,19.13466947510485,1022.8890555569809,18.931781897060183,18.931781897060183
symmetric_10_40,10+40,nuisance,0.05,5.0,raw,1.0,1.0,2.1410830993424526,245.11479984674878,0.008735021715053947,10.699611417731298,236.95202173168732,15.393245977755546,244.82469285213935,0.9767140477633176,0.9767140477636906
symmetric_10_40,10+40,nuisance,0.05,5.0,shared_static_nuisance,1.0,1.0,1.0621383390062265,17.016094688808877,0.06241963026362166,4.0025743145941535,303.59862649278165,17.424081797695443,628.0847505747956,15.432254352128957,15.432254352128957
symmetric_10_40,10+40,nuisance,0.05,5.0,full_pressure_nuisance,0.25,2.0,0.48528525320360116,10.500694953296103,0.046214584402461206,4.6516868883510485,138.7125677693397,11.777629972508887,177.0893348435543,6.613984189277289,6.613984189277289
symmetric_10_40,10+40,nuisance,0.05,5.0,full_pressure_nuisance,1.0,1.0,0.7559745195906717,12.690942053811305,0.05956803808458331,4.097258375979927,216.08562404969638,14.699851157399397,333.4097447028669,10.652418750303864,10.652418750303864
symmetric_10_40,10+40,nuisance,0.05,5.0,full_pressure_nuisance,4.0,0.5,0.8797752408824064,14.109754009502087,0.06235227349037621,4.004735644927014,251.47247297763624,15.857883622275585,431.38838542125467,12.563739528400522,12.56373952840055
best_pair,5+7.5,nuisance,0.0025,0.25,raw,1.0,1.0,54.41230498297655,6833.905094475878,0.007962110130408486,11.206910660151518,6021.767990582456,77.60005148569462,173467.54310028598,27.101864222300584,27.1018642223006
best_pair,5+7.5,nuisance,0.0025,0.25,shared_static_nuisance,1.0,1.0,2.4648342316180925,492.8073433925211,0.005001618309195632,14.139847544326388,704.5412633836363,26.54319617875052,42212.605364827876,26.455734022088226,26.455734022088226
best_pair,5+7.5,nuisance,0.0025,0.25,full_pressure_nuisance,0.25,2.0,0.8211475633164187,12.987024542570833,0.06322830611621139,3.976895931348159,234.71450301286765,15.32039500185513,370.6023252726625,11.073880791334508,11.073880791334476
best_pair,5+7.5,nuisance,0.0025,0.25,full_pressure_nuisance,1.0,1.0,1.3196217980073408,23.24978206862736,0.05675845881531954,4.197441990477607,377.1969720439731,19.42155946477968,1066.2170848939163,19.00442641371453,19.004426413714512
best_pair,5+7.5,nuisance,0.0025,0.25,full_pressure_nuisance,4.0,0.5,1.6040573273724534,47.79234275469037,0.033563061254515095,5.458448501231526,458.49922135529306,21.412594923439173,2664.130383424982,23.757645850872326,23.75764585087231
best_pair,5+7.5,nuisance,0.005,0.5,raw,1.0,1.0,47.64680323120316,1852.3639235404794,0.02572216108599998,6.2351409166983665,5273.035109264443,72.61566710610352,41172.97442169364,24.80866247184515,24.80866247184515
best_pair,5+7.5,nuisance,0.005,0.5,shared_static_nuisance,1.0,1.0,2.014057400675382,332.1048344945175,0.00606452298034412,12.84108370562893,575.6924856839044,23.99359259643925,23244.719599540207,27.06193418497596,27.06193418497596
best_pair,5+7.5,nuisance,0.005,0.5,full_pressure_nuisance,0.25,2.0,0.777506839379926,12.58650464393581,0.061773054662521386,4.023467162513544,222.24036159484268,14.907728250637073,340.08433551990106,10.54642988350465,10.54642988350465
best_pair,5+7.5,nuisance,0.005,0.5,full_pressure_nuisance,1.0,1.0,1.2889594036345255,22.319903232410333,0.05774932759398574,4.161276118641997,368.4325197361159,19.194596107657905,999.7900649699197,18.672911083892576,18.672911083892593
best_pair,5+7.5,nuisance,0.005,0.5,full_pressure_nuisance,4.0,0.5,1.5856997778272615,45.749671059390735,0.034660353639893005,5.371350656609656,453.25195118057354,21.289714680581643,2521.0775863066106,23.6324157588275,23.6324157588275
best_pair,5+7.5,nuisance,0.01,1.0,raw,1.0,1.0,35.24831220739428,617.6857463924956,0.057065121565872214,4.186148462525711,3900.9036327159924,62.457214416878955,10156.827270837306,18.080978959812068,18.080978959812068
best_pair,5+7.5,nuisance,0.01,1.0,shared_static_nuisance,1.0,1.0,1.831604411185077,202.94953037182694,0.009024925595192888,10.526359180794389,523.5406378741495,22.881010420742996,12918.051203627854,27.01067536753835,27.01067536753835
best_pair,5+7.5,nuisance,0.01,1.0,full_pressure_nuisance,0.25,2.0,0.7473830383697972,12.340345082630868,0.06056419276489639,4.063422990474754,213.6298592943854,14.616082214272927,320.51459615629517,10.177562171030935,10.177562171030935
best_pair,5+7.5,nuisance,0.01,1.0,full_pressure_nuisance,1.0,1.0,1.2624139331925497,21.590119430798936,0.05847183649163512,4.135486741321908,360.844837350666,18.99591633353511,947.1834346962896,18.344037691234128,18.344037691234128
best_pair,5+7.5,nuisance,0.01,1.0,full_pressure_nuisance,4.0,0.5,1.562035010011407,42.847509504094184,0.03645567800999381,5.237420094308979,446.4876807072131,21.130255102748123,2325.9138108350926,23.339471369708388,23.339471369708388
best_pair,5+7.5,nuisance,0.02,2.0,raw,1.0,1.0,16.72522262439177,324.4396689325499,0.05155110248823763,4.404341861111296,1850.967538802808,43.02287227513765,2531.383921797695,8.106794751979374,8.106794751979418
best_pair,5+7.5,nuisance,0.02,2.0,shared_static_nuisance,1.0,1.0,1.7088229173914613,87.81027600811126,0.019460397974761096,7.16843152721763,488.4451220589962,22.100794602434462,5214.584053281374,25.80401168034379,25.804011680343763
best_pair,5+7.5,nuisance,0.02,2.0,full_pressure_nuisance,0.25,2.0,0.6946839185527622,11.950602033796464,0.05812961695052573,4.147642055670798,198.5664915519123,14.091362302911394,288.50563478297744,9.516615864919805,9.516615864919805
best_pair,5+7.5,nuisance,0.02,2.0,full_pressure_nuisance,1.0,1.0,1.200531048539873,19.986464943411733,0.06006720307663071,4.080198528327872,343.1564081752893,18.524481320007027,833.8475416357944,17.483527321808896,17.483527321808896
best_pair,5+7.5,nuisance,0.02,2.0,full_pressure_nuisance,4.0,0.5,1.4908092295267321,35.331338300778285,0.04219509651277185,4.86820667732495,426.1287045438482,20.642885082852352,1830.4565784473446,22.284320067664616,22.284320067664616
best_pair,5+7.5,nuisance,0.05,5.0,raw,1.0,1.0,3.4712275201580027,250.39829726475816,0.013862823981137968,8.493254649165127,384.15808290893165,19.59995109455459,405.4773617507857,1.5957364229858544,1.5957364229858544
best_pair,5+7.5,nuisance,0.05,5.0,shared_static_nuisance,1.0,1.0,1.2797241022484493,22.988929639066654,0.0556669719878444,4.238392776428179,365.79272724102253,19.12570854219583,1022.380060175863,18.93372868424215,18.93372868424215
best_pair,5+7.5,nuisance,0.05,5.0,full_pressure_nuisance,0.25,2.0,0.5651872060029588,11.028250502973123,0.051249035905612514,4.417302591449126,161.55151655135316,12.710291757129463,216.6088590636484,7.7524403686898,7.7524403686898475
best_pair,5+7.5,nuisance,0.05,5.0,full_pressure_nuisance,1.0,1.0,0.9481664901580653,15.030622969804604,0.06308231482240362,3.981495133646446,271.0212347365259,16.462722579710984,495.26638661365905,13.60627597131417,13.606275971314144
best_pair,5+7.5,nuisance,0.05,5.0,full_pressure_nuisance,4.0,0.5,1.1444051483771058,18.820299432563928,0.06080695753421396,4.0553035043731285,327.11353920585725,18.086280413779313,748.4858627109015,16.73952517087866,16.73952517087866
best_single,5,expanded_nuisance,0.0025,0.25,raw,1.0,1.0,0.3999950131994865,8408.666003027356,4.756937819333971e-05,144.98940336438517,44.26714081733634,6.65335560580797,1569.039366117977,0.07980175667930343,0.07980175667930343
best_single,5,expanded_nuisance,0.0025,0.25,shared_static_nuisance,1.0,1.0,0.2693133453930159,3537.581649769677,7.612922387545464e-05,114.61047141525853,76.9797669049365,8.773811424058332,33108.661015513826,0.6482138391797055,0.6482138391797055
best_single,5,expanded_nuisance,0.0025,0.25,full_pressure_nuisance,0.25,2.0,0.010239890707627985,10.868048253838248,0.000942201439344142,32.57827750362923,2.9269414727847707,1.7108306382528842,3.8674450294824494,0.09994172103241714,0.09994172103241714
best_single,5,expanded_nuisance,0.0025,0.25,full_pressure_nuisance,1.0,1.0,0.011849269955401365,17.39583804837446,0.0006811554535315192,38.31571030117274,3.386961896854144,1.840370043457061,7.16331781356787,0.20608942887178616,0.20608942887178616
best_single,5,expanded_nuisance,0.0025,0.25,full_pressure_nuisance,4.0,0.5,0.012604339513855756,36.46682844905543,0.0003456384898254632,53.78844021058365,3.6027888493655724,1.8981013801600726,15.973326066073042,0.33131909173212587,0.33131909173322593
best_single,5,expanded_nuisance,0.005,0.5,raw,1.0,1.0,0.10709391439081628,2280.0907825027175,4.6969144918548275e-05,145.9128946191394,11.852001231459637,3.442673558654616,113.91189906610781,0.07357445924721219,0.07357445924721219
best_single,5,expanded_nuisance,0.005,0.5,shared_static_nuisance,1.0,1.0,0.09079251663462173,1403.5185816704093,6.46892159607636e-05,124.33232536555204,25.951876826030478,5.094298462598209,4428.386225221021,0.5086219982545686,0.5086219982545686
best_single,5,expanded_nuisance,0.005,0.5,full_pressure_nuisance,0.25,2.0,0.008158255591127705,10.735412282478649,0.0007599387314116346,36.27527472896789,2.3319327634485365,1.5270667187286011,3.043640154913052,0.09595455647329926,0.09595455647329926
best_single,5,expanded_nuisance,0.005,0.5,full_pressure_nuisance,1.0,1.0,0.00902857881619612,17.048720947003336,0.0005295751419864186,43.454644800304365,2.5807034988903625,1.606456815133965,5.349195444468016,0.21143816914158925,0.21143816914158925
best_single,5,expanded_nuisance,0.005,0.5,full_pressure_nuisance,4.0,0.5,0.009452913504396143,35.26890493213597,0.00026802401499522973,61.08198551634091,2.7019941291027183,1.6437743546797166,11.586037494451862,0.33364367101288067,0.33364367101288067
best_single,5,expanded_nuisance,0.01,1.0,raw,1.0,1.0,0.03377401794259072,747.9470719933033,4.515562558802705e-05,148.81409525081975,3.737744619046733,1.9333247577804236,11.784353362470286,0.05607217110671459,0.05607217110671459
best_single,5,expanded_nuisance,0.01,1.0,shared_static_nuisance,1.0,1.0,0.027542869682832816,441.4203851356299,6.239600754815628e-05,126.59647087262469,7.872776170758958,2.805846783193793,422.51180024089086,0.45221318404869104,0.45221318404869104
best_single,5,expanded_nuisance,0.01,1.0,full_pressure_nuisance,0.25,2.0,0.007176571522566011,10.67003942873046,0.0006725909093870979,38.55888823280314,2.051330958655358,1.4322468218346158,2.661094588773239,0.0928042738455623,0.0928042738455623
best_single,5,expanded_nuisance,0.01,1.0,full_pressure_nuisance,1.0,1.0,0.007802288381137945,16.82355251052265,0.0004637717495313691,46.43525714444777,2.2301841003407965,1.4933800923880016,4.561597652374707,0.21256140987569372,0.2125614098739791
best_single,5,expanded_nuisance,0.01,1.0,full_pressure_nuisance,4.0,0.5,0.008117348891699017,33.932867547959674,0.0002392178875017328,64.65515758584249,2.320240107883045,1.5232334384076016,9.572206187057544,0.3315098082913049,0.3315098082913049
best_single,5,expanded_nuisance,0.02,2.0,raw,1.0,1.0,0.015307771247279334,364.91128063853336,4.194929578634376e-05,154.39657521337392,1.6940992838451632,1.3015756927067912,2.6058620028498716,0.028732231768636676,0.028732231768636676
best_single,5,expanded_nuisance,0.02,2.0,shared_static_nuisance,1.0,1.0,0.009975571910153747,124.2122680507837,8.031068159930283e-05,111.58693378889761,2.851389333367146,1.6886057365078286,43.06054930449024,0.41698812205593777,0.41698812205593777
best_single,5,expanded_nuisance,0.02,2.0,full_pressure_nuisance,0.25,2.0,0.006002831299659395,10.583405331498902,0.0005671927996363745,41.98891432082536,1.7158323645012385,1.309897845063209,2.2077954698654345,0.0887651161253897,0.0887651161253897
best_single,5,expanded_nuisance,0.02,2.0,full_pressure_nuisance,1.0,1.0,0.006375164504680786,16.320352240102146,0.00039062664891605824,50.59633577354526,1.8222590374597853,1.349910751664637,3.6157483256709844,0.20998951061433352,0.20998951061433352
best_single,5,expanded_nuisance,0.02,2.0,full_pressure_nuisance,4.0,0.5,0.006579375201272164,30.282641573714937,0.0002172655640115294,67.8429230307066,1.8806300468880714,1.3713606552938842,6.923978010762371,0.3198498497014436,0.3198498497014436
best_single,5,expanded_nuisance,0.05,5.0,raw,1.0,1.0,0.010050783928200246,257.66134549744226,3.9007728958319896e-05,160.1122891909304,1.112312535887466,1.0546622852304266,1.2080957805241328,0.006510674907073089,0.006510674907073089
best_single,5,expanded_nuisance,0.05,5.0,shared_static_nuisance,1.0,1.0,0.004808080535515735,27.16894036547574,0.0001769697482065029,75.17102696853225,1.3743281765113822,1.1723174384574266,4.539643032755203,0.30852797644808966,0.308527976449271
best_single,5,expanded_nuisance,0.05,5.0,full_pressure_nuisance,0.25,2.0,0.004363188744312296,10.305153928111688,0.00042339869688019354,48.598765945184056,1.247161561968824,1.1167638792371573,1.5625565856244348,0.08431641571060662,0.08431641571060662
best_single,5,expanded_nuisance,0.05,5.0,full_pressure_nuisance,1.0,1.0,0.0044996300370203635,14.152631348806093,0.0003179359319212359,56.08286525578469,1.286161556170922,1.1340906296107565,2.2130502314106493,0.18236317521745204,0.18236317521745204
best_single,5,expanded_nuisance,0.05,5.0,full_pressure_nuisance,4.0,0.5,0.004588056454505107,19.387413824500076,0.00023665128810048574,65.00482053890123,1.3114371138907985,1.1451799482573901,3.0911914511819476,0.25385762468097706,0.25385762468097706
symmetric_10_40,10+40,expanded_nuisance,0.0025,0.25,raw,1.0,1.0,0.2757262837626513,5911.654938616106,4.664113291889761e-05,146.4250747903533,30.514415999168744,5.523985517646543,760.3952661065409,0.07250207339440387,0.07250207339440387
symmetric_10_40,10+40,expanded_nuisance,0.0025,0.25,shared_static_nuisance,1.0,1.0,0.20354093718276545,2880.9144917568447,7.065150241881762e-05,118.97050338834758,58.179567288342554,7.627553165225566,20377.899131563223,0.5927454298393258,0.5927454298393258
symmetric_10_40,10+40,expanded_nuisance,0.0025,0.25,full_pressure_nuisance,0.25,2.0,0.008171589322916173,10.755310676595894,0.0007597725038940966,36.27924277141113,2.3357440397280365,1.528314116838563,3.054265329720218,0.08792439229885853,0.08792439229885853
symmetric_10_40,10+40,expanded_nuisance,0.0025,0.25,full_pressure_nuisance,1.0,1.0,0.009034716875766957,16.701812924789856,0.0005409422867117063,42.99565146493783,2.5824579845224136,1.6070027954308024,5.243912452491187,0.204011186133287,0.204011186133287
symmetric_10_40,10+40,expanded_nuisance,0.0025,0.25,full_pressure_nuisance,4.0,0.5,0.009425887557514834,30.98960800647788,0.0003041628521259289,57.33857744951099,2.6942691086872896,1.6414228914838764,10.151158470933412,0.3164093483665059,0.3164093483665059
symmetric_10_40,10+40,expanded_nuisance,0.005,0.5,raw,1.0,1.0,0.07596279844773335,1655.8380803334887,4.5875740720031214e-05,147.64150216422257,8.406744546306928,2.899438660552578,58.67741625470162,0.06471146306679017,0.06471146306679017
symmetric_10_40,10+40,expanded_nuisance,0.005,0.5,shared_static_nuisance,1.0,1.0,0.06511567480987424,1065.6138153802704,6.110625995087848e-05,127.92550744523729,18.612480794097905,4.31421844533838,2411.363362723017,0.48114384378178915,0.48114384378178915
symmetric_10_40,10+40,expanded_nuisance,0.005,0.5,full_pressure_nuisance,0.25,2.0,0.006341406079172884,10.62390302801532,0.0005968998457958948,40.930708916250005,1.8126096243462853,1.3463319146281445,2.341245376240748,0.08861907112509129,0.08861907112509129
symmetric_10_40,10+40,expanded_nuisance,0.005,0.5,full_pressure_nuisance,1.0,1.0,0.006749361131541232,16.31641488299158,0.000413654664945842,49.16782948803554,1.9292183456600303,1.3889630469022674,3.8270547563233004,0.20680108661819713,0.20680108661819713
symmetric_10_40,10+40,expanded_nuisance,0.005,0.5,full_pressure_nuisance,4.0,0.5,0.006962195512774549,29.58486709045892,0.000235329619412752,65.18710644058434,1.9900543247786577,1.4106928527424591,7.158023299672656,0.3132444604873043,0.3132444604873043
symmetric_10_40,10+40,expanded_nuisance,0.01,1.0,raw,1.0,1.0,0.02592638013068438,591.8839613098228,4.380314694338062e-05,151.09404349725742,2.869252571297481,1.6938868236388998,7.158641546691304,0.04525863308215049,0.04525863308215049
symmetric_10_40,10+40,expanded_nuisance,0.01,1.0,shared_static_nuisance,1.0,1.0,0.02017870930288268,318.6197191856453,6.333163984469354e-05,125.65785249988966,5.767825342303536,2.401629726311601,223.43093582997903,0.4367319934251002,0.4367319934251002
symmetric_10_40,10+40,expanded_nuisance,0.01,1.0,full_pressure_nuisance,0.25,2.0,0.005618753995343173,10.56034719730932,0.0005320614834306566,43.3529933880911,1.6060487913307653,1.267299803255238,2.062032400219167,0.08852925766285241,0.08852925766285241
symmetric_10_40,10+40,expanded_nuisance,0.01,1.0,full_pressure_nuisance,1.0,1.0,0.005911729638298446,16.037073496288954,0.0003686289546323053,52.08411362371874,1.689792122618743,1.2999200447022667,3.294708177979811,0.20586648838782715,0.20586648838782715
symmetric_10_40,10+40,expanded_nuisance,0.01,1.0,full_pressure_nuisance,4.0,0.5,0.006078362577849994,28.109453589117866,0.00021623908691711946,68.00375602241459,1.7374220119829078,1.3181130497733902,5.937672996385132,0.30755724833511755,0.3075572483363026
symmetric_10_40,10+40,expanded_nuisance,0.02,2.0,raw,1.0,1.0,0.013308951404880531,325.8955398780528,4.083809005137236e-05,156.48304511518182,1.4728914274666491,1.2136273841120466,2.023365854365534,0.02054935358363122,0.02054935358363122
symmetric_10_40,10+40,expanded_nuisance,0.02,2.0,shared_static_nuisance,1.0,1.0,0.00804616916258638,89.61469031063481,8.978627426703856e-05,105.53463797542442,2.299894294913951,1.5165402384750466,25.05795571538365,0.39814993543578997,0.39814993543578997
symmetric_10_40,10+40,expanded_nuisance,0.02,2.0,full_pressure_nuisance,0.25,2.0,0.004963589509413335,10.474917989316795,0.00047385473704668834,45.93856096681222,1.4187784229141123,1.1911248561398222,1.806856904446304,0.0871886075775055,0.0871886075775055
symmetric_10_40,10+40,expanded_nuisance,0.02,2.0,full_pressure_nuisance,1.0,1.0,0.0051660841197604945,15.41327873929804,0.0003351710046343956,54.62189705911881,1.476658911091489,1.215178551115633,2.7671568453842372,0.1989716625979257,0.1989716625979257
symmetric_10_40,10+40,expanded_nuisance,0.02,2.0,full_pressure_nuisance,4.0,0.5,0.005291766199481351,24.646407228431677,0.0002147074074706053,68.24588751715653,1.5125835222054325,1.229871343761384,4.532434514994158,0.28985881753196135,0.2898588175332188
symmetric_10_40,10+40,expanded_nuisance,0.05,5.0,raw,1.0,1.0,0.009724933780447031,251.4188330147383,3.868021207415656e-05,160.78871956162908,1.0762509503677795,1.0374251541040345,1.140608541650446,0.004261846230432041,0.004261846230432041
symmetric_10_40,10+40,expanded_nuisance,0.05,5.0,shared_static_nuisance,1.0,1.0,0.004451848256893598,21.431167590073585,0.00020772775156476263,69.38294660439004,1.2725037469335314,1.1280530780657139,3.3156101114136507,0.26841775565057535,0.26841775565057535
symmetric_10_40,10+40,expanded_nuisance,0.05,5.0,full_pressure_nuisance,0.25,2.0,0.004072227694649655,10.158966497980302,0.00040085058804547214,49.94692288235171,1.1639940763443757,1.0788855714784473,1.4376688117729386,0.08020352899290376,0.08020352899290376
symmetric_10_40,10+40,expanded_nuisance,0.05,5.0,full_pressure_nuisance,1.0,1.0,0.0041718339920007175,13.102977499466594,0.00031838824360116226,56.04301461561968,1.1924652593864153,1.0920005766419794,1.8996530261348314,0.16083563045121937,0.16083563045121937
symmetric_10_40,10+40,expanded_nuisance,0.05,5.0,full_pressure_nuisance,4.0,0.5,0.004233096330461539,16.14432772043798,0.0002622033201854936,61.75624857945549,1.209976313388894,1.0999892333058965,2.374955008289661,0.21344700280171516,0.21344700280342271
best_pair,5+7.5,expanded_nuisance,0.0025,0.25,raw,1.0,1.0,0.45821664759910163,9657.591827949984,4.7446263598859015e-05,145.1773923191658,50.71048436796676,7.12112943064278,2064.390588252905,0.07893838831703814,0.07893838831703814
best_pair,5+7.5,expanded_nuisance,0.0025,0.25,shared_static_nuisance,1.0,1.0,0.2950360169402302,3866.036895219962,7.63148477204183e-05,114.47100059503802,84.33226277545175,9.183259920935035,39638.59942057615,0.6664715714034082,0.6664715714028613
best_pair,5+7.5,expanded_nuisance,0.0025,0.25,full_pressure_nuisance,0.25,2.0,0.012427047429733662,10.956844964715478,0.0011341811871713712,29.693321484959164,3.5521121801871756,1.8847047992158283,4.73184753343987,0.12455423555481515,0.12455423555188899
best_pair,5+7.5,expanded_nuisance,0.0025,0.25,full_pressure_nuisance,1.0,1.0,0.015015247343222793,17.799759374437322,0.0008435646250806381,34.430301071407314,4.291915942058001,2.071693978863191,9.288036044866844,0.20972215558839233,0.20972215558839233
best_pair,5+7.5,expanded_nuisance,0.0025,0.25,full_pressure_nuisance,4.0,0.5,0.016320684118200646,39.83628829236639,0.00040969389513450453,49.404926066646084,4.665058307135663,2.159874604493433,22.59407135829661,0.33639452426670263,0.33639452426670263
best_pair,5+7.5,expanded_nuisance,0.005,0.5,raw,1.0,1.0,0.1216456490052451,2592.3222424073597,4.69253578954285e-05,145.980955917159,13.462430521967239,3.669118493857515,147.1084862112182,0.0735203938433579,0.07352039384831524
best_pair,5+7.5,expanded_nuisance,0.005,0.5,shared_static_nuisance,1.0,1.0,0.10215362234936265,1563.3163115413254,6.534417993032134e-05,123.70764632152341,29.199303233462338,5.403637962841547,5549.807259859762,0.5168336379494981,0.5168336379494981
best_pair,5+7.5,expanded_nuisance,0.005,0.5,full_pressure_nuisance,0.25,2.0,0.010166777793089388,10.833049664642985,0.0009384963706269914,32.64252168362452,2.9060430835471025,1.7047120236412667,3.827465951562837,0.1148061738281861,0.1148061738281861
best_pair,5+7.5,expanded_nuisance,0.005,0.5,full_pressure_nuisance,1.0,1.0,0.011723938478420237,17.487983701237702,0.0006703996686359264,38.62185282106152,3.3511375010382625,1.8306112370020737,7.125093056831419,0.21326202913719514,0.21326202913719514
best_pair,5+7.5,expanded_nuisance,0.005,0.5,full_pressure_nuisance,4.0,0.5,0.012502802444087635,38.80917014125254,0.0003221610356155922,55.71389144488298,3.573765779782616,1.89044063111821,16.862384789398035,0.33948460212283194,0.33948460212283194
best_pair,5+7.5,expanded_nuisance,0.01,1.0,raw,1.0,1.0,0.03741820864257761,826.004930712418,4.5300224310168364e-05,148.5763974527108,4.1410444041895405,2.034955627081225,14.418423999579367,0.057683724086912344,0.05768372408059402
best_pair,5+7.5,expanded_nuisance,0.01,1.0,shared_static_nuisance,1.0,1.0,0.030938235758085852,501.59776396704996,6.167937335565592e-05,127.32979023632485,8.843298031264895,2.9737683217199176,539.2974993722402,0.4547968978751566,0.4547968978751566
best_pair,5+7.5,expanded_nuisance,0.01,1.0,full_pressure_nuisance,0.25,2.0,0.008742707432223717,10.75865163379731,0.0008126211099501828,35.07970640724209,2.49899082894869,1.5808196699651387,3.268745141508325,0.10448437165807048,0.10448437165109403
best_pair,5+7.5,expanded_nuisance,0.01,1.0,full_pressure_nuisance,1.0,1.0,0.009822729793263818,17.25474939161125,0.0005692768738814219,41.91198492520039,2.8077013738481935,1.6756196984543341,5.890038365355486,0.21371486041339352,0.21371486041339352
best_pair,5+7.5,expanded_nuisance,0.01,1.0,full_pressure_nuisance,4.0,0.5,0.010355275611775738,37.37113604966557,0.0002770928771877248,60.07410633168788,2.9599227682815843,1.720442608249861,13.448542902174657,0.33814139782023245,0.3381413978213103
best_pair,5+7.5,expanded_nuisance,0.02,2.0,raw,1.0,1.0,0.016228373530410067,384.4257357637038,4.2214586643557116e-05,153.9106702489533,1.7959816312727932,1.3401423921631586,2.91031240280118,0.03098574452802061,0.03098574452802061
best_pair,5+7.5,expanded_nuisance,0.02,2.0,shared_static_nuisance,1.0,1.0,0.010867833942754146,141.52877620646115,7.678886396149026e-05,114.11713996810603,3.1064309956637848,1.7625070200324833,53.45212993030065,0.42015938247837736,0.4201593824792449
best_pair,5+7.5,expanded_nuisance,0.02,2.0,full_pressure_nuisance,0.25,2.0,0.00680304527641562,10.648008525674213,0.0006389030643629076,39.562389506997285,1.9445632701861078,1.3944759840836656,2.517381415357197,0.09190882524055026,0.09190882524055026
best_pair,5+7.5,expanded_nuisance,0.02,2.0,full_pressure_nuisance,1.0,1.0,0.007342911633384741,16.729037336712267,0.00043893210861993526,47.73108694097386,2.098877146680614,1.4487502016153835,4.268905317148399,0.21201837359546583,0.21201837359546583
best_pair,5+7.5,expanded_nuisance,0.02,2.0,full_pressure_nuisance,4.0,0.5,0.007619269476868418,33.25882784309551,0.0002290901384983767,66.06885838226337,2.177870493047014,1.475760987777836,8.806382465141043,0.328321641167824,0.3283216411667139
best_pair,5+7.5,expanded_nuisance,0.05,5.0,raw,1.0,1.0,0.010200470977558496,260.78365592678546,3.9114686621397236e-05,159.8932287704467,1.128878286643885,1.0624868406921024,1.2409456312959686,0.007308236139395915,0.007308236189266323
best_pair,5+7.5,expanded_nuisance,0.05,5.0,shared_static_nuisance,1.0,1.0,0.004964839598217807,30.06172130032807,0.00016515486750133716,77.81338551243536,1.419135744771439,1.1912748401487538,5.186762191041098,0.3206243882330366,0.3206243882330366
best_pair,5+7.5,expanded_nuisance,0.05,5.0,full_pressure_nuisance,0.25,2.0,0.004517496118967568,10.36248274654292,0.00043594727532595144,47.894210227766095,1.29126834663388,1.1363398904526234,1.6268176617571688,0.08527114886555338,0.08527114886555338
best_pair,5+7.5,expanded_nuisance,0.05,5.0,full_pressure_nuisance,1.0,1.0,0.004670638527977111,14.580120846537007,0.00032034292288369177,55.871770408861536,1.3350421408051687,1.1554402367951224,2.3665443691819523,0.18867227735108588,0.18867227735108588
best_pair,5+7.5,expanded_nuisance,0.05,5.0,full_pressure_nuisance,4.0,0.5,0.004769990291526582,20.97712053834791,0.00022739013597250613,66.31536881606422,1.3634405686234101,1.1676645788167979,3.4772878173333,0.26703330816321574,0.26703330816321574
