scenario,Vcem_fraction,Vcem_percent,lnCn_MAP,Cn_MAP,objective_MAP,static_lambda_min,static_lambda_max,combined_lambda_min,combined_lambda_max,lambda_min_gain,static_spectral_ratio,combined_spectral_ratio,weak_rotation_combined_vs_static_deg,static_weak_rotation_vs_pooled_deg,combined_weak_rotation_vs_pooled_deg,bounding_weight_min,bounding_weight_max,convex_weight_valid
expanded_generic,0.001,0.1,2.4314527341643606,11.3753955079743,0.0426166146724242,0.0003238180155591408,1490.6763517557433,0.001378312093436307,2966.301978472943,4.256440430148265,2.1722892107179575e-07,4.646567016571469e-07,0.0024297944983901103,31.245317306581562,31.247747101142657,0.75365994670602,0.8835994368112511,True
expanded_generic,0.0029666666666666,0.29666666666666,2.098504410477602,8.153965802852435,0.0209926738572919,0.0004274186011699044,160.80022692422986,0.0020602734295644964,321.63950941242774,4.820270863095899,2.6580721267968538e-06,6.405535916057737e-06,0.01312859331816518,26.178031195055965,26.191159788396117,0.7555113578211217,0.8851980810269374,True
expanded_generic,0.0049333333333333,0.49333333333333,1.9484413457811616,7.017740820362092,0.0115704998489404,0.0007093057756728527,56.2107922306751,0.003256272581620756,112.79120906780035,4.59078819502327,1.2618676014421543e-05,2.8869914672723878e-05,0.03267146915583263,20.880475558702713,20.91314702787055,0.7567017498182456,0.885010331908741,True
expanded_generic,0.0068999999999999,0.6899999999999901,1.852866657174828,6.378077101473667,0.0058793457301309,0.0011526043979177558,28.309446605947965,0.004880874661310486,56.94869392319326,4.234648653196238,4.071448000949575e-05,8.570652503274833e-05,0.06104801788135765,15.450945903877003,15.511993921766923,0.7576938786498876,0.8842947632348235,True
expanded_generic,0.0088666666666666,0.8866666666666599,1.7838877678597336,5.952955196036129,0.0023694944203839,0.0017471061569120927,17.216136098372388,0.006877826327526648,34.705142907539255,3.936696290786818,0.00010148073568477796,0.00019817887930473056,0.09718064397412673,9.992280807743228,10.089461451724269,0.7585867831575144,0.8833069142620733,True
expanded_generic,0.0108333333333333,1.0833333333333302,1.730707510249041,5.64464614098602,0.0004951501244179,0.0024751950609642748,11.793325082888831,0.009165297330628874,23.81909550158475,3.70285860503386,0.000209881016894513,0.0003847877989329646,0.13885127945479503,4.606695178750602,4.745546458205745,0.7594196396197964,0.8821438033910156,True
expanded_generic,0.012546045825196,1.2546045825196002,1.6930438416630622,5.436001877454284,0.0,0.003498495204351748,8.225104926030983,0.011723938484553553,17.487983701680175,3.351137503338649,0.0004253435349231397,0.0006703996689696802,0.21326202931493152,0.0,0.21326202955761003,0.760110656373033,0.881025031899807,True
expanded_generic,0.0127999999999999,1.27999999999999,1.687998491854169,5.40864441842931,1.119768062371517e-05,0.003741912755235166,7.965785266134841,0.012220880948953905,16.931387636406004,3.265944918639843,0.00046974813282291974,0.0007217885037772374,0.22399007797362705,0.6744238431740278,0.4504337651987395,0.760211516221635,0.8808517813142235,True
expanded_generic,0.0147666666666666,1.47666666666666,1.652755317777571,5.221346494543083,0.0008403702883191,0.00479848682727857,6.321950810587529,0.014979925353308499,13.45590318631043,3.121801912250797,0.0007590199561885904,0.0011132604884188345,0.28003656743059496,5.674611534836232,5.394574967404751,0.7609842050422804,0.8794663096648979,True
expanded_generic,0.0167333333333333,1.6733333333333302,1.6230869449058245,5.068713028795192,0.0029473461038099,0.0058405977450917135,5.2670304472896845,0.017667882881735597,11.21851566593475,3.025012790271891,0.0011088976613182816,0.001574885966009254,0.3338481644883029,10.38167876009829,10.047830595609542,0.7617275424663326,0.8779848865969251,True
expanded_generic,0.0186999999999999,1.86999999999999,1.597721146603602,4.941758040845087,0.0063044741677991,0.006867639310076834,4.557546431350811,0.020249471775767525,9.710767907184932,2.948534548990602,0.0015068720447553037,0.002085259576720506,0.3839490356316847,14.766111788487846,14.3821627528556,0.7624462372151827,0.8764164394027992,True
expanded_generic,0.0206666666666666,2.06666666666666,1.5758630467859798,4.83491257374372,0.0108994466182233,0.007854535473370672,4.063010493006793,0.022676486185503997,8.65782626817662,2.8870563080890483,0.0019331811933269206,0.0026191893303351968,0.4293207130018085,18.815664525721395,18.386343812718316,0.7631624605950719,0.8748011190772553,True
expanded_generic,0.0226333333333333,2.26333333333333,1.556828277580072,4.74375149626565,0.0167368957021365,0.008785655720365826,3.708435497905449,0.024922518203560395,7.901261383938483,2.836728298581981,0.0023691003188077635,0.0031542455049294238,0.4695797793885444,22.533172009414667,22.063592230024174,0.7636722415424574,0.873119746848388,True
expanded_generic,0.0245999999999999,2.45999999999999,1.5401645749032775,4.665358008654247,0.0238314845287375,0.009653939221595631,3.4484902486270324,0.0269819230880326,7.345208414809418,2.794913295877675,0.002799468325432908,0.003673404696540892,0.5048210120616502,25.931837192357364,25.427016180294967,0.7639600486654408,0.8713717253494949,True
expanded_generic,0.0265666666666666,2.65666666666666,1.5254721513562122,4.597313684846109,0.0321857066240443,0.010459487011005408,3.254173392423634,0.028864675050231048,6.928880423544241,2.759664505521142,0.003214176305219994,0.004165849788971574,0.5354687761802506,29.031609077208106,28.496140301028106,0.7642654661015448,0.8695990647659019,True
expanded_generic,0.0285333333333333,2.85333333333333,1.512503717561589,4.53807864968502,0.0418410283551492,0.011204408949388511,3.1071669627239134,0.030582158330539122,6.612680675569258,2.729475376049012,0.003605988697680446,0.004624774706500768,0.5620139439954853,31.85575185437652,31.293737910380745,0.7645527485771385,0.8677590287519398,True
expanded_generic,0.0305,3.05,1.501017741576811,4.486252593489002,0.05281664128369,0.011894508313013141,2.9945320717007977,0.032154922680743936,6.369520357889402,2.7033418981737114,0.003972075779524861,0.005048248670862049,0.5850380606272885,34.428693159398584,33.84365509877114,0.7648307912084398,0.8658617584580209,True
expanded_generic,0.0324666666666666,3.2466666666666604,1.4908255580745031,4.440760111495548,0.0651427139219547,0.012536433294609683,2.9075205129915442,0.03360201248748129,6.180804664743189,2.680348684336654,0.004311726517007773,0.005436510990090875,0.6051264386105585,36.77470057617869,36.16957413756845,0.7651083333656695,0.8639188764252427,True
expanded_generic,0.0344333333333333,3.4433333333333302,1.481771326198372,4.4007339164078125,0.0788479120323724,0.013136448613965512,2.839801438251068,0.03494556030525198,6.033116672644917,2.660198454862522,0.004625833495617842,0.00579228982321866,0.6227496065137703,38.91661711555175,38.2938675090375,0.7653654415728138,0.8619099117565925,True
expanded_generic,0.0363999999999999,3.63999999999999,1.473750601655961,4.365578018238122,0.0939706389873327,0.013701140043335808,2.7870283237502496,0.036199958244177155,5.91705973745035,2.6421128555491777,0.004916039039351934,0.006117896362455123,0.6383819772962016,40.875764407414465,40.237382430118025,0.7656160548499131,0.8598521935161878,True
expanded_generic,0.0383666666666666,3.83666666666666,1.466642394019178,4.334656611316381,0.1105420297029999,0.014237065161834705,2.74573045962814,0.03738227977645109,5.825575494685524,2.6257012489246554,0.005185164884597908,0.006416924784607749,0.6524330176004671,42.67143454885993,42.0190015312588,0.7658837943470628,0.857773781248094,True
expanded_generic,0.0403333333333333,4.03333333333333,1.4603810855136825,4.3076007798526845,0.1286346577397943,0.014748027799722632,2.7138300832500484,0.038504311807984415,5.753240844613479,2.6108109050830897,0.005434396166049048,0.006692629919019366,0.6651446103745826,44.32113304522039,43.65598843484604,0.7660834794555976,0.855569013168748,True
expanded_generic,0.0423,4.23,1.4544731361820895,4.282226720836441,0.1482095726533397,0.015232675369473966,2.6882247983320484,0.039556271662588294,5.69530678362746,2.5968039561755787,0.005666444033596193,0.006945415438603305,0.6770929498012563,45.83912135364219,45.162028403840196,0.7663175656329175,0.8533515467645403,True
expanded_generic,0.0442666666666666,4.42666666666666,1.449711613383332,4.261885267255162,0.1693609658174832,0.015710799069365164,2.6690711784698915,0.04059838600985968,5.650559218520408,2.584107010128045,0.005886242074058045,0.0071848439136419345,0.6880820808175555,47.241184363666626,46.55310228284932,0.7665686976288851,0.8511311842893802,True
expanded_generic,0.0462333333333333,4.62333333333333,1.4455164589354053,4.244043451073919,0.1921180749587178,0.01617660227744508,2.6545023366661784,0.04161160096941635,5.615390024035003,2.5723325736601135,0.006094024500939588,0.007410277966679126,0.6984495712748635,48.538834492868425,47.840384921593376,0.7667984991819796,0.8502993636255533,True
expanded_generic,0.0481999999999999,4.819999999999991,1.4419048840541857,4.22874341559359,0.2165363927137424,0.01663347012331645,2.6437517829337844,0.04259919369617106,5.588049926645171,2.561052707604073,0.006291615661761638,0.007623266480323989,0.708351790164681,49.74224983369132,49.03389804352627,0.7670091634718967,0.8503534734613842,True
expanded_generic,0.0501666666666666,5.01666666666666,1.4388065209573877,4.215661509761384,0.2426445827554734,0.017084548623274038,2.6360605838460227,0.043573042210108756,5.567329329545235,2.550435669734336,0.006481091037121619,0.007826560929110332,0.7180136476284986,50.86139731134077,50.14338366371226,0.7672508403043425,0.8504200067000812,True
expanded_generic,0.0521333333333333,5.21333333333333,1.436181194942713,4.204608539104846,0.2705047599117991,0.01753077238911556,2.6309687427442863,0.04453308389360647,5.551592217048469,2.54028076488267,0.0066632385646777864,0.008021677773242988,0.7274801172850627,51.904366188846666,51.176886071561206,0.7674436559322759,0.8504389096531549,True
expanded_generic,0.0540999999999999,5.4099999999999895,1.4339920792559406,4.195414231967913,0.3001435763781336,0.017975472805023027,2.627826730268678,0.04548343941073059,5.540036095624931,2.530305594967204,0.0068404330460498635,0.00820995362226064,0.7367465200759373,52.87842273582129,52.14167621574498,0.7676392857452545,0.850448579801447,True
expanded_generic,0.0560666666666666,5.60666666666666,1.432247105494237,4.188099727878524,0.3316245708985803,0.01842122646959352,2.626478460663564,0.04643377845207074,5.532039901257159,2.520667042920044,0.007013659828354164,0.008393608737622923,0.7459137088735283,53.79056378209684,53.044650073222414,0.7678264871885742,0.8504434997787088,True
expanded_generic,0.0580333333333333,5.80333333333333,1.4308662376344898,4.182320506659615,0.364994397812399,0.01886532762521939,2.6267491165125625,0.04737500448493804,5.527272074109471,2.5112208717545186,0.007182005889571285,0.00857113669270042,0.7553635263066112,54.645719103073915,53.890355576766595,0.7680421177508832,0.8504457495013854,True
expanded_generic,0.06,6.0,1.4299272520195698,4.17839521105334,0.4003953452651909,0.01931240262544779,2.6286703227051214,0.0483196226510485,5.5243488125453,2.5019995485894717,0.007346833286257713,0.00874666395816987,0.7645883190192829,55.44966648949519,54.68507817047557,0.7681072930418099,0.8503313517359709,True
expanded_target_aligned,0.001,0.1,2.429572311625164,11.354025056904902,0.0151552569580954,0.0003257725825083213,1488.4241269198067,0.000824565094135643,2904.9487441397623,2.531106478595635,2.188708020895131e-07,2.8384841412402273e-07,0.0012157958558080537,31.245095175077445,31.243879378769684,0.7524078162879503,0.8831670706391209,True
expanded_target_aligned,0.0029666666666666,0.29666666666666,2.0971724671467284,8.143112412136405,0.0069015029234293,0.00042948210584325963,160.62715561822534,0.0008645491830785446,314.6950775076046,2.0130039676066587,2.6737826751040907e-06,2.747259950571209e-06,0.0033015337487274773,26.177429064585517,26.17412753073724,0.7545805130340121,0.8848266610768314,True
expanded_target_aligned,0.0049333333333333,0.49333333333333,1.947454833429204,7.010821146093224,0.0037737091180694,0.0007114978825266682,56.16546035465476,0.0011432005387588262,110.22753577480887,1.60675184963179,1.2667890159431449e-05,1.0371279106650323e-05,0.005082501825199734,20.87957320531003,20.874490703427643,0.755992187106352,0.8847011789711207,True
expanded_target_aligned,0.0068999999999999,0.6899999999999901,1.852166147962931,6.373610764247721,0.001932749421066,0.0011546681338008291,28.293103308299784,0.0016139926974529928,55.59220848094788,1.397797904182392,4.081093972685941e-05,2.9032714143855745e-05,0.006581134878561913,15.449913293412898,15.443332158503688,0.7571784990287933,0.884054271351163,True
expanded_target_aligned,0.0088666666666666,0.8866666666666599,1.783444765498096,5.950318606876294,0.000789211050294,0.0017487240819780148,17.20983441291301,0.002269316129905441,33.84597278018766,1.2976982208299979,0.00010161190631014434,6.704833525227632e-05,0.007817135519188657,9.991354567725443,9.983537432189873,0.7582544618692285,0.8831426259093311,True
expanded_target_aligned,0.0108333333333333,1.0833333333333302,1.7305058011273209,5.643507679193425,0.0001675939718078,0.002476060494122745,11.791384533467417,0.003093297419815677,23.21263817627561,1.2492818439444533,0.0002099889531288677,0.00013325919252802425,0.008895548425562548,4.606147856365518,4.597252307880913,0.7592656452172447,0.8820637401423922,True
expanded_target_aligned,0.012546045825196,1.2546045825196002,1.6930438416630622,5.436001877454284,0.0,0.003498495204351748,8.225104926030983,0.004222332626544034,16.999835242779593,1.2068996468229858,0.0004253435349231397,0.00024837491459438714,0.012082426662606805,0.0,0.012082426934090553,0.760110656373033,0.881025031899807,True
expanded_target_aligned,0.0127999999999999,1.27999999999999,1.6880273336165588,5.408800415516081,4.147748620733248e-06,0.003743392652157951,7.966073646716207,0.004485841372716237,16.461367532458407,1.1983357850879703,0.00046991690237524486,0.00027250721204487337,0.01687559652381307,0.6744421458589928,0.657566549311468,0.7602346198732064,0.8808647752175476,True
expanded_target_aligned,0.0147666666666666,1.47666666666666,1.6530004005591197,5.222626313489784,0.0003160368948004,0.004797142090852802,6.323300391787695,0.005700942520791674,13.079626977820663,1.188403931512106,0.0007586452949606867,0.0004358643048810838,0.02424804969252719,5.673694492615136,5.649446442910202,0.7611847141424475,0.8795818503401799,True
expanded_target_aligned,0.0167333333333333,1.6733333333333302,1.623552527745705,5.0710734840527705,0.0011238476995144,0.00583801053023536,5.269093048248342,0.006925849471392631,10.905137645534845,1.1863372694385008,0.001107972563167422,0.0006350996838841782,0.03201312067984789,10.37967961958621,10.347666498888346,0.7621062360643852,0.878209151924654,True
expanded_target_aligned,0.0186999999999999,1.86999999999999,1.5984517558209288,4.945369854070881,0.0024369987912127,0.006864314291544993,4.5601444752301,0.00815190766095153,9.442182103277426,1.187577857702773,0.001505284389306246,0.0008633499726850177,0.040365448535205815,14.762898941523986,14.722533492984052,0.7630465100909058,0.8768191059977408,True
expanded_target_aligned,0.0206666666666666,2.06666666666666,1.5767907701545922,4.839400116400817,0.0042635781591346,0.007850371674132606,4.065914965294828,0.009346907635224166,8.421579803468273,1.1906324978246223,0.001930776157676814,0.0011098758016132334,0.04914164492960166,18.811204687100464,18.762063042166666,0.7639400552983109,0.8753202149210803,True
expanded_target_aligned,0.0226333333333333,2.26333333333333,1.5580797836340377,4.749692046523666,0.0066255666153666,0.00878154607529269,3.7118213952296113,0.010491368436011728,7.689987940198543,1.1947063018355852,0.0023658320647051145,0.0013642893223758238,0.05816666715930233,22.52732418316,22.469157515993473,0.7646358743651482,0.8738113998329257,True
expanded_target_aligned,0.0245999999999999,2.45999999999999,1.5415854708808687,4.67199170886565,0.0095334305692071,0.009649999627230788,3.452005012492074,0.011572403648314245,7.152769704138608,1.1992128596211273,0.00279547671347796,0.0016178912682758997,0.06720693383842198,25.92482078494967,25.85761385110378,0.7651240385352874,0.8722182885349491,True
expanded_target_aligned,0.0265666666666666,2.65666666666666,1.5271084629396965,4.604842480529454,0.013013882254375,0.010455712219701097,3.258107458089971,0.012588014259555358,6.751560715929665,1.2039365654915872,0.003209136701043814,0.0018644599062636192,0.0761116545227476,29.0234375153623,28.947325860829395,0.765631943045783,0.8706052947339772,True
expanded_target_aligned,0.0285333333333333,2.85333333333333,1.5142942229597285,4.546211382682895,0.0170732627473164,0.011201223127771776,3.11118563137582,0.013538933972838896,6.4468645617050555,1.2087013907678628,0.0036003069102689324,0.0021000804101363258,0.08475510668799403,31.84651211885505,31.761757012160366,0.7660604893199978,0.8688464039418435,True
expanded_target_aligned,0.0305,3.05,1.5030205546066988,4.495246722411428,0.0217496673319291,0.011892972177034888,2.998781781789838,0.01443123565823723,6.213527757548375,1.2134254956135928,0.00396593451689456,0.0023225510887443517,0.09302448357810525,34.41844504196164,34.32542055838476,0.7665484292773139,0.867120694898342,True
expanded_target_aligned,0.0324666666666666,3.2466666666666604,1.4930104493654983,4.450473296851574,0.0270580043629142,0.012536725412150507,2.91186935268861,0.015269855293788104,6.032703953428346,1.2180098703437077,0.004305387328100761,0.0025311792873758286,0.10083567840215371,36.763562944722004,36.662727266316885,0.7670228187148325,0.8653342550202141,True
expanded_target_aligned,0.0344333333333333,3.4433333333333302,1.4841976940128836,4.411424680160412,0.0330216263002271,0.013139880358524286,2.8444454489445725,0.016063206298695898,5.892007751189411,1.2224773635990644,0.004619487557196719,0.00272627039491814,0.10819162110961375,38.904635588659886,38.79644396755032,0.7675231712506502,0.8635400059601597,True
expanded_target_aligned,0.0363999999999999,3.63999999999999,1.476408999951661,4.377198903027901,0.0396641356788022,0.013708492060589716,2.7918705196909093,0.01681732943996128,5.781819047305701,1.2267818637987984,0.004910146070136303,0.0029086571721399813,0.11506563317714985,40.86304330143093,40.747977668253455,0.768022370173896,0.8617029421065642,True
expanded_target_aligned,0.0383666666666666,3.83666666666666,1.4691529202959932,4.345552552190141,0.0470314517660822,0.014240888404701169,2.750517914045837,0.017525785556777806,5.694267449635447,1.2306665889602952,0.005177529777929614,0.003077794591102289,0.12156916916829759,42.65721522646757,42.53564605729712,0.7684435541684637,0.8597134963247283,True
expanded_target_aligned,0.0403333333333333,4.03333333333333,1.463482092742549,4.320979413909523,0.0550823203667773,0.014765173605039553,2.718867840663224,0.01823304227822073,5.627262867050247,1.2348681272530075,0.005430633068740048,0.0032401262761301043,0.12740199701737331,44.30721213148519,44.17981013446328,0.7690103345734226,0.8578928650506349,True
expanded_target_aligned,0.0423,4.23,1.4579687085705788,4.297221747154312,0.0639166995845226,0.015257817778362492,2.6939594126002806,0.018896867772378284,5.573474307962995,1.2385039621574472,0.005663714793548149,0.003390500561809309,0.13301597965587594,45.825078867056625,45.692062887398976,0.7694770099785492,0.8558840896700878,True
expanded_target_aligned,0.0442666666666666,4.42666666666666,1.4534174097876222,4.277708246616084,0.0735192727511869,0.015742266491652057,2.675012318481703,0.019554245922816044,5.532028789424881,1.2421493393715215,0.00588493233578346,0.003534733217621041,0.1381240123408336,47.226949396734845,47.08882538438989,0.7699879760868238,0.8538985576860926,True
expanded_target_aligned,0.0462333333333333,4.62333333333333,1.4495377943977732,4.261144535059964,0.0839289588602429,0.01622003708333833,2.6606950120807245,0.020205145360865845,5.50016420583426,1.2456904541618545,0.006096165479204581,0.0036735531167293844,0.14275071566900513,48.52548686172986,48.38273614605798,0.7705280958799087,0.8530846685116145,True
expanded_target_aligned,0.0481999999999999,4.819999999999991,1.4461986125510955,4.246939528331699,0.0951746982421784,0.016684564717506234,2.6502218801030306,0.020839241092165714,5.475727220636081,1.249013171455423,0.006295535042846149,0.0038057485795913973,0.14715063883064886,49.72832785269651,49.58117721386342,0.7710395671060879,0.8533521266371595,True
expanded_target_aligned,0.0501666666666666,5.01666666666666,1.4432584916088147,4.234471350440881,0.10728560414939,0.017141406296166492,2.64274659291036,0.021462923831508655,5.4571568275208495,1.2521098596390325,0.006486208833700278,0.003932986445115436,0.15133725995878777,50.84683073564476,50.69549347568435,0.7715293935015578,0.8535866594983154,True
expanded_target_aligned,0.0521333333333333,5.21333333333333,1.4409106188441536,4.2245410126310405,0.1202877749594555,0.01759869472401379,2.637871737265735,0.02208855864997731,5.443927686330762,1.2551248258109167,0.00667155058200653,0.00405746731453465,0.15514538136142422,51.88982070432328,51.734675322961934,0.772058612339327,0.8538417842571628,True
expanded_target_aligned,0.0540999999999999,5.4099999999999895,1.4390007732103447,4.216480491049265,0.1342130361277312,0.018054588738798928,2.6350669388996906,0.022712480098971675,5.434670836217366,1.257989335983214,0.006851662275546547,0.004179182287842108,0.1587038244317706,52.86413506308402,52.70543123865239,0.7725709230537208,0.8540718093710548,True
expanded_target_aligned,0.0560666666666666,5.60666666666666,1.4375168398324565,4.210228155083731,0.1490913968443977,0.018511708078194234,2.6340403288811007,0.023338075674367725,5.4288738650797885,1.2607197334674203,0.007027875722031074,0.004298879704036874,0.16203442323328285,53.776340136768745,53.61430571353425,0.7730986563951745,0.8543008558364273,True
expanded_target_aligned,0.0580333333333333,5.80333333333333,1.4363661718595349,4.205386366566698,0.1649574077631978,0.018972092827302004,2.6342946939050202,0.02396727578415806,5.425580546523576,1.2632910877216288,0.007201962966101637,0.004417458293843784,0.16511824242747924,54.6332253904036,54.46810714797315,0.7736098804742543,0.8545031229421223,True
expanded_target_aligned,0.06,6.0,1.435750741201082,4.202799039108058,0.1818381849614232,0.01943540708049763,2.6361624804310413,0.024601900172588682,5.425121344167874,1.2658289106419256,0.007372613495856951,0.004534811041422377,0.16807790835551756,55.43689426253019,55.26881635417393,0.7741554183764785,0.8547248618031537,True
